,Date,Num,Code,Close,Volume
0,2023-08-01,63,412350,17080.0,3778467.0
1,2023-08-02,54,412350,15500.0,1400253.0
2,2023-08-03,45,412350,14320.0,1349227.0
3,2023-08-04,15,412350,14060.0,583116.0
4,2023-08-07,14,412350,14310.0,757845.0
5,2023-08-08,182,412350,11910.0,2084001.0
6,2023-08-09,40,412350,12160.0,1147835.0
7,2023-08-10,48,412350,11750.0,603178.0
8,2023-08-11,72,412350,11540.0,524867.0
9,2023-08-14,28,412350,11060.0,375585.0
10,2023-08-16,33,412350,10670.0,529192.0
11,2023-08-17,65,412350,11240.0,3407434.0
12,2023-08-18,34,412350,11510.0,939687.0
13,2023-08-21,12,412350,11140.0,377507.0
14,2023-08-22,14,412350,11250.0,705858.0
15,2023-08-23,14,412350,11260.0,699097.0
16,2023-08-24,40,412350,11900.0,1286121.0
17,2023-08-25,14,412350,11430.0,385905.0
18,2023-08-28,7,412350,11380.0,423949.0
19,2023-08-29,3,412350,11440.0,186918.0
20,2023-08-30,21,412350,12100.0,907308.0
21,2023-08-31,11,412350,12260.0,640158.0
22,2023-08-01,52,096630,2140.0,7670614.0
23,2023-08-02,114,096630,1780.0,9374183.0
24,2023-08-03,72,096630,1681.0,4155025.0
25,2023-08-04,45,096630,1686.0,3582183.0
26,2023-08-07,29,096630,1721.0,4937579.0
27,2023-08-08,38,096630,1589.0,3452773.0
28,2023-08-09,14,096630,1613.0,1763800.0
29,2023-08-10,7,096630,1568.0,1454497.0
30,2023-08-11,9,096630,1626.0,1123000.0
31,2023-08-14,17,096630,1549.0,1725217.0
32,2023-08-16,18,096630,1438.0,2171405.0
33,2023-08-17,10,096630,1415.0,1216757.0
34,2023-08-18,9,096630,1423.0,841394.0
35,2023-08-21,6,096630,1416.0,740184.0
36,2023-08-22,17,096630,1389.0,900929.0
37,2023-08-23,11,096630,1389.0,832643.0
38,2023-08-24,13,096630,1423.0,612518.0
39,2023-08-25,11,096630,1449.0,1232396.0
40,2023-08-28,9,096630,1559.0,1125441.0
41,2023-08-29,9,096630,1560.0,1527080.0
42,2023-08-30,9,096630,1606.0,1429978.0
43,2023-08-31,7,096630,1581.0,551099.0
44,2023-08-01,22,088800,2915.0,295543.0
45,2023-08-02,13,088800,2865.0,294621.0
46,2023-08-03,7,088800,2880.0,260549.0
47,2023-08-04,22,088800,2465.0,322314.0
48,2023-08-07,10,088800,2500.0,136336.0
49,2023-08-08,17,088800,2425.0,151895.0
50,2023-08-09,5,088800,2450.0,101864.0
51,2023-08-10,11,088800,2485.0,96845.0
52,2023-08-11,8,088800,2530.0,107811.0
53,2023-08-14,13,088800,2410.0,112136.0
54,2023-08-16,16,088800,2300.0,158179.0
55,2023-08-17,20,088800,2305.0,130790.0
56,2023-08-18,15,088800,2250.0,90155.0
57,2023-08-21,11,088800,2215.0,85215.0
58,2023-08-22,24,088800,2135.0,141511.0
59,2023-08-23,31,088800,2130.0,107913.0
60,2023-08-24,16,088800,2125.0,118426.0
61,2023-08-25,53,088800,2030.0,247733.0
62,2023-08-28,21,088800,2130.0,215687.0
63,2023-08-29,24,088800,2200.0,218266.0
64,2023-08-30,57,088800,2110.0,314039.0
65,2023-08-31,56,088800,2040.0,366245.0
66,2023-08-01,5,041520,10230.0,367455.0
67,2023-08-02,3,041520,9980.0,498786.0
68,2023-08-03,6,041520,9700.0,290256.0
69,2023-08-04,2,041520,9600.0,125024.0
70,2023-08-07,5,041520,8950.0,331857.0
71,2023-08-08,3,041520,8860.0,271655.0
72,2023-08-09,1,041520,8900.0,122168.0
73,2023-08-10,5,041520,8320.0,178679.0
74,2023-08-11,4,041520,8150.0,104769.0
75,2023-08-14,1,041520,8180.0,110287.0
76,2023-08-16,0,041520,7790.0,129852.0
77,2023-08-17,0,041520,7690.0,155293.0
78,2023-08-18,1,041520,7680.0,84571.0
79,2023-08-21,2,041520,7770.0,48913.0
80,2023-08-22,2,041520,7560.0,56028.0
81,2023-08-23,0,041520,7530.0,46510.0
82,2023-08-24,2,041520,7900.0,112351.0
83,2023-08-25,0,041520,7630.0,40004.0
84,2023-08-28,0,041520,7250.0,158176.0
85,2023-08-29,0,041520,7650.0,56128.0
86,2023-08-30,0,041520,7820.0,56407.0
87,2023-08-31,0,041520,7740.0,57660.0
88,2023-08-01,55,274400,15710.0,228870.0
89,2023-08-02,62,274400,14480.0,285635.0
90,2023-08-03,66,274400,13980.0,173237.0
91,2023-08-04,58,274400,15180.0,289154.0
92,2023-08-07,86,274400,13790.0,410955.0
93,2023-08-08,93,274400,13800.0,408173.0
94,2023-08-09,44,274400,14110.0,241216.0
95,2023-08-10,86,274400,13470.0,248175.0
96,2023-08-11,124,274400,14540.0,1290745.0
97,2023-08-14,120,274400,13610.0,1423756.0
98,2023-08-16,186,274400,13610.0,4659276.0
99,2023-08-17,143,274400,12780.0,542207.0
100,2023-08-18,154,274400,12020.0,376139.0
101,2023-08-21,89,274400,11920.0,213587.0
102,2023-08-22,84,274400,12000.0,366796.0
103,2023-08-23,70,274400,11990.0,264419.0
104,2023-08-24,63,274400,12230.0,298928.0
105,2023-08-25,49,274400,12360.0,293048.0
106,2023-08-28,30,274400,12840.0,193110.0
107,2023-08-29,71,274400,13500.0,647635.0
108,2023-08-30,85,274400,13910.0,563014.0
109,2023-08-31,56,274400,13620.0,193693.0
110,2023-08-01,0,417840,17040.0,139604.0
111,2023-08-02,8,417840,16120.0,158507.0
112,2023-08-03,14,417840,15120.0,254208.0
113,2023-08-04,2,417840,15200.0,70992.0
114,2023-08-07,3,417840,14600.0,105803.0
115,2023-08-08,5,417840,14550.0,86351.0
116,2023-08-09,4,417840,14740.0,69728.0
117,2023-08-10,8,417840,14170.0,112716.0
118,2023-08-11,5,417840,14100.0,61502.0
119,2023-08-14,8,417840,13980.0,52451.0
120,2023-08-16,2,417840,13450.0,101668.0
121,2023-08-17,3,417840,14200.0,111859.0
122,2023-08-18,1,417840,13950.0,49004.0
123,2023-08-21,5,417840,13790.0,45289.0
124,2023-08-22,5,417840,13400.0,80587.0
125,2023-08-23,4,417840,13340.0,43532.0
126,2023-08-24,2,417840,13850.0,73605.0
127,2023-08-25,4,417840,13530.0,59938.0
128,2023-08-28,3,417840,14020.0,63065.0
129,2023-08-29,3,417840,13970.0,36643.0
130,2023-08-30,4,417840,14410.0,60094.0
131,2023-08-31,5,417840,14620.0,64334.0
132,2023-08-01,27,080580,6530.0,863933.0
133,2023-08-02,15,080580,6180.0,474547.0
134,2023-08-03,14,080580,6030.0,351640.0
135,2023-08-04,12,080580,6100.0,285856.0
136,2023-08-07,11,080580,6000.0,180584.0
137,2023-08-08,20,080580,5830.0,237884.0
138,2023-08-09,9,080580,5950.0,133727.0
139,2023-08-10,8,080580,5780.0,176341.0
140,2023-08-11,31,080580,6200.0,416771.0
141,2023-08-14,8,080580,6150.0,179857.0
142,2023-08-16,2,080580,5960.0,163439.0
143,2023-08-17,7,080580,5950.0,167872.0
144,2023-08-18,2,080580,5850.0,156832.0
145,2023-08-21,2,080580,5820.0,94961.0
146,2023-08-22,13,080580,5570.0,216753.0
147,2023-08-23,5,080580,5510.0,214471.0
148,2023-08-24,9,080580,5520.0,167900.0
149,2023-08-25,12,080580,5410.0,155194.0
150,2023-08-28,12,080580,5410.0,142467.0
151,2023-08-29,11,080580,5580.0,97208.0
152,2023-08-30,12,080580,5630.0,415495.0
153,2023-08-31,12,080580,5600.0,114917.0
154,2023-08-01,32,218150,5720.0,406652.0
155,2023-08-02,26,218150,5510.0,422869.0
156,2023-08-03,15,218150,5280.0,865344.0
157,2023-08-04,12,218150,5320.0,373785.0
158,2023-08-07,15,218150,5650.0,1222630.0
159,2023-08-08,20,218150,5240.0,740032.0
160,2023-08-09,11,218150,5320.0,263321.0
161,2023-08-10,6,218150,5300.0,252918.0
162,2023-08-11,7,218150,5230.0,279331.0
163,2023-08-14,13,218150,5020.0,369194.0
164,2023-08-16,8,218150,4855.0,238819.0
165,2023-08-17,6,218150,4895.0,249510.0
166,2023-08-18,4,218150,4830.0,201805.0
167,2023-08-21,1,218150,4880.0,177274.0
168,2023-08-22,22,218150,5130.0,1689001.0
169,2023-08-23,3,218150,4890.0,447156.0
170,2023-08-24,9,218150,4935.0,217202.0
171,2023-08-25,21,218150,5030.0,2389803.0
172,2023-08-28,10,218150,5070.0,344485.0
173,2023-08-29,4,218150,5080.0,225724.0
174,2023-08-30,6,218150,5130.0,153687.0
175,2023-08-31,4,218150,5020.0,175379.0
176,2023-08-01,0,092460,6680.0,31093.0
177,2023-08-02,8,092460,6550.0,78276.0
178,2023-08-03,4,092460,6420.0,48994.0
179,2023-08-04,3,092460,6540.0,38340.0
180,2023-08-07,1,092460,6380.0,25505.0
181,2023-08-08,1,092460,6470.0,44787.0
182,2023-08-09,1,092460,6480.0,12357.0
183,2023-08-10,1,092460,6520.0,33389.0
184,2023-08-11,4,092460,6530.0,29123.0
185,2023-08-14,1,092460,6330.0,59084.0
186,2023-08-16,6,092460,5840.0,89287.0
187,2023-08-17,0,092460,5940.0,96883.0
188,2023-08-18,1,092460,5850.0,17439.0
189,2023-08-21,0,092460,5890.0,21196.0
190,2023-08-22,1,092460,5840.0,17788.0
191,2023-08-23,0,092460,5740.0,15129.0
192,2023-08-24,0,092460,5830.0,22401.0
193,2023-08-25,3,092460,5730.0,17734.0
194,2023-08-28,41,092460,6060.0,1812746.0
195,2023-08-29,9,092460,6060.0,92630.0
196,2023-08-30,0,092460,6070.0,49354.0
197,2023-08-31,5,092460,5980.0,87361.0
198,2023-08-01,2,128660,4600.0,152779.0
199,2023-08-02,9,128660,4445.0,324249.0
200,2023-08-03,40,128660,4260.0,2559644.0
201,2023-08-04,6,128660,4320.0,130762.0
202,2023-08-07,7,128660,4345.0,492809.0
203,2023-08-08,4,128660,4305.0,657350.0
204,2023-08-09,1,128660,4265.0,145972.0
205,2023-08-10,3,128660,4175.0,157536.0
206,2023-08-11,1,128660,4225.0,59771.0
207,2023-08-14,7,128660,4050.0,146065.0
208,2023-08-16,10,128660,4255.0,841622.0
209,2023-08-17,11,128660,3920.0,288928.0
210,2023-08-18,3,128660,4015.0,219446.0
211,2023-08-21,6,128660,4140.0,225284.0
212,2023-08-22,0,128660,4140.0,78839.0
213,2023-08-23,2,128660,4115.0,118815.0
214,2023-08-24,1,128660,4120.0,71160.0
215,2023-08-25,0,128660,4080.0,48274.0
216,2023-08-28,0,128660,4150.0,113435.0
217,2023-08-29,1,128660,4150.0,66215.0
218,2023-08-30,2,128660,4165.0,41099.0
219,2023-08-31,5,128660,4080.0,100596.0
220,2023-08-01,1,080000,3295.0,245289.0
221,2023-08-02,7,080000,3170.0,387582.0
222,2023-08-03,2,080000,3155.0,339495.0
223,2023-08-04,0,080000,3175.0,230887.0
224,2023-08-07,1,080000,3160.0,124146.0
225,2023-08-08,3,080000,3075.0,177974.0
226,2023-08-09,1,080000,3260.0,359536.0
227,2023-08-10,1,080000,3260.0,162318.0
228,2023-08-11,3,080000,3335.0,192032.0
229,2023-08-14,3,080000,3150.0,193389.0
230,2023-08-16,0,080000,3030.0,250571.0
231,2023-08-17,0,080000,3055.0,258703.0
232,2023-08-18,3,080000,3020.0,149699.0
233,2023-08-21,0,080000,3005.0,142474.0
234,2023-08-22,1,080000,2960.0,158986.0
235,2023-08-23,1,080000,2940.0,340730.0
236,2023-08-24,1,080000,3005.0,152814.0
237,2023-08-25,1,080000,2965.0,130069.0
238,2023-08-28,1,080000,3045.0,93585.0
239,2023-08-29,1,080000,3065.0,137944.0
240,2023-08-30,3,080000,3125.0,148869.0
241,2023-08-31,0,080000,3125.0,68939.0
242,2023-08-01,3,071670,11140.0,56049.0
243,2023-08-02,2,071670,11060.0,84017.0
244,2023-08-03,1,071670,10960.0,57907.0
245,2023-08-04,1,071670,11190.0,40792.0
246,2023-08-07,1,071670,11300.0,75374.0
247,2023-08-08,3,071670,11000.0,56334.0
248,2023-08-09,2,071670,11200.0,38431.0
249,2023-08-10,3,071670,11080.0,47026.0
250,2023-08-11,4,071670,11110.0,40226.0
251,2023-08-14,6,071670,10770.0,60676.0
252,2023-08-16,6,071670,10310.0,66684.0
253,2023-08-17,8,071670,10310.0,57157.0
254,2023-08-18,4,071670,10310.0,31746.0
255,2023-08-21,5,071670,10210.0,30174.0
256,2023-08-22,4,071670,10070.0,33635.0
257,2023-08-23,2,071670,10050.0,31831.0
258,2023-08-24,2,071670,10130.0,23323.0
259,2023-08-25,9,071670,9940.0,68729.0
260,2023-08-28,1,071670,10190.0,38085.0
261,2023-08-29,2,071670,10400.0,30848.0
262,2023-08-30,23,071670,11140.0,369668.0
263,2023-08-31,10,071670,11030.0,165356.0
264,2023-08-01,143,321260,3950.0,26256978.0
265,2023-08-02,86,321260,3875.0,4315325.0
266,2023-08-03,59,321260,3750.0,2735251.0
267,2023-08-04,64,321260,3485.0,1973182.0
268,2023-08-07,37,321260,3605.0,1837456.0
269,2023-08-08,190,321260,4085.0,23464087.0
270,2023-08-09,68,321260,3980.0,3385319.0
271,2023-08-10,42,321260,3830.0,1665641.0
272,2023-08-11,62,321260,3980.0,5751742.0
273,2023-08-14,64,321260,3680.0,2083570.0
274,2023-08-16,67,321260,3945.0,8102866.0
275,2023-08-17,23,321260,3790.0,1700962.0
276,2023-08-18,67,321260,3480.0,1514315.0
277,2023-08-21,21,321260,3415.0,748868.0
278,2023-08-22,16,321260,3540.0,1097176.0
279,2023-08-23,17,321260,3590.0,1726602.0
280,2023-08-24,14,321260,3680.0,953938.0
281,2023-08-25,6,321260,3660.0,518457.0
282,2023-08-28,26,321260,3455.0,924320.0
283,2023-08-29,18,321260,3750.0,842703.0
284,2023-08-30,13,321260,3780.0,1356577.0
285,2023-08-31,15,321260,3650.0,509915.0
286,2023-08-01,12,019010,2300.0,109300.0
287,2023-08-02,8,019010,2260.0,64188.0
288,2023-08-03,5,019010,2225.0,87472.0
289,2023-08-04,4,019010,2225.0,92749.0
290,2023-08-07,5,019010,2225.0,32548.0
291,2023-08-08,1,019010,2235.0,15460.0
292,2023-08-09,3,019010,2240.0,3269.0
293,2023-08-10,1,019010,2280.0,42817.0
294,2023-08-11,3,019010,2280.0,33158.0
295,2023-08-14,3,019010,2265.0,28763.0
296,2023-08-16,6,019010,2230.0,47188.0
297,2023-08-17,1,019010,2210.0,30033.0
298,2023-08-18,2,019010,2200.0,17924.0
299,2023-08-21,2,019010,2190.0,15714.0
300,2023-08-22,0,019010,2160.0,28056.0
301,2023-08-23,3,019010,2135.0,49518.0
302,2023-08-24,2,019010,2150.0,11822.0
303,2023-08-25,5,019010,2150.0,11412.0
304,2023-08-28,3,019010,2150.0,11000.0
305,2023-08-29,4,019010,2145.0,15824.0
306,2023-08-30,3,019010,2145.0,33118.0
307,2023-08-31,3,019010,2140.0,17348.0
308,2023-08-01,1,101930,11870.0,19408.0
309,2023-08-02,0,101930,11700.0,47663.0
310,2023-08-03,1,101930,11670.0,11653.0
311,2023-08-04,0,101930,11810.0,10033.0
312,2023-08-07,1,101930,11410.0,17566.0
313,2023-08-08,3,101930,11400.0,17109.0
314,2023-08-09,0,101930,11220.0,11781.0
315,2023-08-10,0,101930,11270.0,7714.0
316,2023-08-11,0,101930,11290.0,10577.0
317,2023-08-14,3,101930,11070.0,15303.0
318,2023-08-16,10,101930,9970.0,178147.0
319,2023-08-17,5,101930,9880.0,48479.0
320,2023-08-18,20,101930,9360.0,180498.0
321,2023-08-21,2,101930,9940.0,32470.0
322,2023-08-22,2,101930,10520.0,29841.0
323,2023-08-23,2,101930,10490.0,18107.0
324,2023-08-24,0,101930,10490.0,14175.0
325,2023-08-25,0,101930,10470.0,9919.0
326,2023-08-28,1,101930,10670.0,12264.0
327,2023-08-29,10,101930,11030.0,28494.0
328,2023-08-30,3,101930,11340.0,20706.0
329,2023-08-31,2,101930,11610.0,21311.0
330,2023-08-01,7,024910,3060.0,179327.0
331,2023-08-02,4,024910,3015.0,186208.0
332,2023-08-03,7,024910,2970.0,218054.0
333,2023-08-04,3,024910,3025.0,228200.0
334,2023-08-07,2,024910,2910.0,191684.0
335,2023-08-08,6,024910,2905.0,145752.0
336,2023-08-09,7,024910,2935.0,89307.0
337,2023-08-10,4,024910,2910.0,77318.0
338,2023-08-11,5,024910,3020.0,228141.0
339,2023-08-14,1,024910,2955.0,149542.0
340,2023-08-16,9,024910,2730.0,382111.0
341,2023-08-17,3,024910,2760.0,132397.0
342,2023-08-18,7,024910,2775.0,249452.0
343,2023-08-21,1,024910,2770.0,101359.0
344,2023-08-22,1,024910,2770.0,98704.0
345,2023-08-23,3,024910,2815.0,197547.0
346,2023-08-24,1,024910,2850.0,166202.0
347,2023-08-25,1,024910,2810.0,101006.0
348,2023-08-28,10,024910,2990.0,174751.0
349,2023-08-29,1,024910,2980.0,88423.0
350,2023-08-30,2,024910,2990.0,101041.0
351,2023-08-31,7,024910,2950.0,105847.0
352,2023-08-01,12,096350,669.0,4120700.0
353,2023-08-02,14,096350,652.0,3346080.0
354,2023-08-03,23,096350,627.0,2026257.0
355,2023-08-04,6,096350,628.0,799142.0
356,2023-08-07,13,096350,620.0,1155782.0
357,2023-08-08,9,096350,617.0,1199862.0
358,2023-08-09,4,096350,630.0,1012871.0
359,2023-08-10,9,096350,650.0,2185088.0
360,2023-08-11,29,096350,673.0,3983111.0
361,2023-08-14,14,096350,647.0,3923098.0
362,2023-08-16,5,096350,645.0,1994868.0
363,2023-08-17,13,096350,623.0,2132866.0
364,2023-08-18,16,096350,633.0,1807781.0
365,2023-08-21,6,096350,615.0,980714.0
366,2023-08-22,13,096350,615.0,887989.0
367,2023-08-23,11,096350,587.0,2067786.0
368,2023-08-24,5,096350,597.0,1060786.0
369,2023-08-25,6,096350,600.0,995387.0
370,2023-08-28,10,096350,628.0,2628674.0
371,2023-08-29,7,096350,625.0,1140516.0
372,2023-08-30,9,096350,625.0,755144.0
373,2023-08-31,13,096350,614.0,1090104.0
374,2023-08-01,4,170790,15960.0,30256.0
375,2023-08-02,2,170790,15530.0,28621.0
376,2023-08-03,6,170790,15280.0,25397.0
377,2023-08-04,3,170790,15390.0,23516.0
378,2023-08-07,7,170790,15220.0,25371.0
379,2023-08-08,8,170790,15140.0,27065.0
380,2023-08-09,9,170790,15280.0,32886.0
381,2023-08-10,5,170790,15250.0,15574.0
382,2023-08-11,36,170790,13970.0,245718.0
383,2023-08-14,18,170790,13850.0,38723.0
384,2023-08-16,6,170790,13520.0,37817.0
385,2023-08-17,5,170790,13260.0,47932.0
386,2023-08-18,3,170790,13020.0,45178.0
387,2023-08-21,3,170790,13090.0,41465.0
388,2023-08-22,6,170790,13050.0,21054.0
389,2023-08-23,11,170790,13000.0,19810.0
390,2023-08-24,11,170790,13500.0,66156.0
391,2023-08-25,1,170790,13300.0,26281.0
392,2023-08-28,2,170790,13370.0,23334.0
393,2023-08-29,5,170790,13570.0,17816.0
394,2023-08-30,3,170790,13770.0,17626.0
395,2023-08-31,6,170790,13620.0,17575.0
396,2023-08-01,11,340810,10480.0,145474.0
397,2023-08-02,5,340810,10030.0,71077.0
398,2023-08-03,11,340810,10450.0,131621.0
399,2023-08-04,15,340810,10200.0,66877.0
400,2023-08-07,12,340810,10000.0,102241.0
401,2023-08-08,7,340810,9650.0,74449.0
402,2023-08-09,8,340810,10080.0,70022.0
403,2023-08-10,8,340810,9650.0,79159.0
404,2023-08-11,5,340810,10160.0,74867.0
405,2023-08-14,3,340810,10420.0,105891.0
406,2023-08-16,9,340810,10240.0,141890.0
407,2023-08-17,4,340810,10200.0,65080.0
408,2023-08-18,8,340810,9850.0,52983.0
409,2023-08-21,9,340810,9670.0,74676.0
410,2023-08-22,6,340810,9590.0,43238.0
411,2023-08-23,9,340810,9550.0,51694.0
412,2023-08-24,17,340810,9920.0,64217.0
413,2023-08-25,10,340810,9830.0,48913.0
414,2023-08-28,5,340810,9980.0,67411.0
415,2023-08-29,12,340810,10250.0,195313.0
416,2023-08-30,3,340810,10400.0,87868.0
417,2023-08-31,7,340810,10080.0,54237.0
418,2023-08-01,18,407400,8850.0,476956.0
419,2023-08-02,10,407400,8630.0,232313.0
420,2023-08-03,41,407400,8320.0,333038.0
421,2023-08-04,39,407400,8840.0,935346.0
422,2023-08-07,18,407400,8670.0,241614.0
423,2023-08-08,74,407400,8850.0,1981335.0
424,2023-08-09,16,407400,8780.0,293677.0
425,2023-08-10,50,407400,9150.0,1916851.0
426,2023-08-11,12,407400,9150.0,452857.0
427,2023-08-14,35,407400,9340.0,1694386.0
428,2023-08-16,19,407400,8800.0,399271.0
429,2023-08-17,23,407400,8440.0,177786.0
430,2023-08-18,39,407400,8330.0,374204.0
431,2023-08-21,27,407400,8360.0,374198.0
432,2023-08-22,41,407400,8180.0,287926.0
433,2023-08-23,31,407400,7880.0,260429.0
434,2023-08-24,29,407400,7920.0,177934.0
435,2023-08-25,17,407400,7850.0,167731.0
436,2023-08-28,60,407400,8320.0,2561326.0
437,2023-08-29,219,407400,9930.0,8569811.0
438,2023-08-30,113,407400,10010.0,4326599.0
439,2023-08-31,118,407400,10500.0,6097722.0
440,2023-08-01,0,109860,11820.0,79140.0
441,2023-08-02,1,109860,11940.0,126041.0
442,2023-08-03,2,109860,12170.0,68273.0
443,2023-08-04,4,109860,12190.0,55715.0
444,2023-08-07,0,109860,11970.0,63761.0
445,2023-08-08,2,109860,11820.0,66890.0
446,2023-08-09,2,109860,11830.0,42996.0
447,2023-08-10,5,109860,11840.0,35689.0
448,2023-08-11,3,109860,11900.0,69473.0
449,2023-08-14,19,109860,11490.0,262403.0
450,2023-08-16,2,109860,11040.0,92074.0
451,2023-08-17,3,109860,10800.0,43031.0
452,2023-08-18,8,109860,10380.0,78930.0
453,2023-08-21,0,109860,10380.0,33854.0
454,2023-08-22,6,109860,10210.0,34083.0
455,2023-08-23,8,109860,10150.0,71800.0
456,2023-08-24,3,109860,10210.0,14206.0
457,2023-08-25,2,109860,10400.0,38158.0
458,2023-08-28,0,109860,10400.0,32378.0
459,2023-08-29,1,109860,10400.0,25034.0
460,2023-08-30,3,109860,10450.0,40489.0
461,2023-08-31,3,109860,10450.0,36779.0
462,2023-08-01,5,128540,4010.0,121813.0
463,2023-08-02,9,128540,3915.0,70693.0
464,2023-08-03,5,128540,3840.0,60978.0
465,2023-08-04,3,128540,3880.0,34468.0
466,2023-08-07,1,128540,3870.0,79795.0
467,2023-08-08,7,128540,3790.0,103961.0
468,2023-08-09,3,128540,3855.0,53164.0
469,2023-08-10,1,128540,3885.0,39093.0
470,2023-08-11,4,128540,3985.0,149529.0
471,2023-08-14,4,128540,3910.0,82663.0
472,2023-08-16,12,128540,3750.0,173944.0
473,2023-08-17,11,128540,3705.0,146282.0
474,2023-08-18,7,128540,3740.0,79984.0
475,2023-08-21,6,128540,3730.0,53778.0
476,2023-08-22,11,128540,3660.0,61729.0
477,2023-08-23,8,128540,3700.0,51262.0
478,2023-08-24,5,128540,3710.0,26935.0
479,2023-08-25,2,128540,3660.0,25395.0
480,2023-08-28,5,128540,3695.0,92136.0
481,2023-08-29,3,128540,3755.0,72694.0
482,2023-08-30,8,128540,3800.0,88753.0
483,2023-08-31,0,128540,3740.0,43692.0
484,2023-08-01,5,192250,1513.0,644691.0
485,2023-08-02,5,192250,1511.0,467964.0
486,2023-08-03,3,192250,1492.0,364223.0
487,2023-08-04,2,192250,1519.0,390502.0
488,2023-08-07,5,192250,1530.0,558299.0
489,2023-08-08,6,192250,1540.0,729548.0
490,2023-08-09,7,192250,1553.0,446640.0
491,2023-08-10,6,192250,1580.0,498815.0
492,2023-08-11,8,192250,1595.0,527979.0
493,2023-08-14,9,192250,1547.0,388654.0
494,2023-08-16,17,192250,1496.0,353266.0
495,2023-08-17,7,192250,1490.0,372559.0
496,2023-08-18,8,192250,1488.0,263035.0
497,2023-08-21,8,192250,1464.0,214186.0
498,2023-08-22,10,192250,1467.0,258378.0
499,2023-08-23,19,192250,1455.0,531572.0
500,2023-08-24,20,192250,1420.0,666510.0
501,2023-08-25,7,192250,1420.0,202463.0
502,2023-08-28,2,192250,1425.0,180359.0
503,2023-08-29,22,192250,1498.0,933298.0
504,2023-08-30,10,192250,1496.0,468216.0
505,2023-08-31,7,192250,1477.0,264889.0
506,2023-08-01,6,097800,1794.0,605515.0
507,2023-08-02,6,097800,1751.0,504984.0
508,2023-08-03,1,097800,1731.0,432804.0
509,2023-08-04,2,097800,1701.0,268748.0
510,2023-08-07,2,097800,1690.0,291938.0
511,2023-08-08,3,097800,1680.0,341193.0
512,2023-08-09,2,097800,1699.0,174743.0
513,2023-08-10,2,097800,1645.0,290017.0
514,2023-08-11,2,097800,1634.0,190940.0
515,2023-08-14,4,097800,1588.0,297183.0
516,2023-08-16,5,097800,1514.0,323814.0
517,2023-08-17,1,097800,1543.0,313127.0
518,2023-08-18,2,097800,1559.0,172116.0
519,2023-08-21,2,097800,1560.0,252777.0
520,2023-08-22,11,097800,1561.0,546668.0
521,2023-08-23,3,097800,1584.0,190918.0
522,2023-08-24,9,097800,1615.0,482939.0
523,2023-08-25,0,097800,1587.0,231079.0
524,2023-08-28,5,097800,1600.0,240943.0
525,2023-08-29,3,097800,1587.0,200038.0
526,2023-08-30,3,097800,1669.0,538528.0
527,2023-08-31,7,097800,1725.0,731671.0
528,2023-08-01,3,306040,10820.0,26786.0
529,2023-08-02,0,306040,10650.0,15557.0
530,2023-08-03,7,306040,10790.0,31584.0
531,2023-08-04,4,306040,11010.0,15657.0
532,2023-08-07,2,306040,11000.0,19898.0
533,2023-08-08,6,306040,10600.0,22546.0
534,2023-08-09,9,306040,10530.0,21888.0
535,2023-08-10,3,306040,10900.0,57001.0
536,2023-08-11,5,306040,10950.0,33769.0
537,2023-08-14,5,306040,10850.0,34639.0
538,2023-08-16,3,306040,10640.0,22435.0
539,2023-08-17,2,306040,10320.0,42681.0
540,2023-08-18,6,306040,10200.0,29726.0
541,2023-08-21,0,306040,10380.0,11947.0
542,2023-08-22,2,306040,10310.0,7413.0
543,2023-08-23,4,306040,10100.0,11550.0
544,2023-08-24,5,306040,10070.0,11425.0
545,2023-08-25,4,306040,10080.0,14138.0
546,2023-08-28,0,306040,10500.0,24449.0
547,2023-08-29,0,306040,10600.0,11173.0
548,2023-08-30,1,306040,10560.0,14833.0
549,2023-08-31,1,306040,10330.0,15182.0
550,2023-08-01,33,289080,1999.0,142609.0
551,2023-08-02,51,289080,1997.0,147701.0
552,2023-08-03,34,289080,1994.0,222209.0
553,2023-08-04,21,289080,1995.0,78830.0
554,2023-08-07,52,289080,1990.0,96150.0
555,2023-08-08,45,289080,1974.0,146176.0
556,2023-08-09,33,289080,1978.0,56245.0
557,2023-08-10,24,289080,1994.0,112453.0
558,2023-08-11,35,289080,1998.0,139045.0
559,2023-08-14,26,289080,1978.0,105230.0
560,2023-08-16,24,289080,1947.0,141742.0
561,2023-08-17,24,289080,1932.0,215527.0
562,2023-08-18,32,289080,1920.0,93905.0
563,2023-08-21,48,289080,1917.0,114090.0
564,2023-08-22,36,289080,1910.0,106805.0
565,2023-08-23,44,289080,1901.0,105087.0
566,2023-08-24,38,289080,1931.0,125784.0
567,2023-08-25,37,289080,1976.0,245545.0
568,2023-08-28,20,289080,1969.0,88436.0
569,2023-08-29,36,289080,1968.0,196247.0
570,2023-08-30,29,289080,1969.0,107334.0
571,2023-08-31,59,289080,1969.0,425169.0
572,2023-08-01,1,001540,8150.0,11411.0
573,2023-08-02,3,001540,8080.0,13548.0
574,2023-08-03,0,001540,8150.0,20725.0
575,2023-08-04,1,001540,8140.0,9821.0
576,2023-08-07,2,001540,8130.0,20951.0
577,2023-08-08,0,001540,7980.0,15200.0
578,2023-08-09,4,001540,8200.0,49098.0
579,2023-08-10,0,001540,8250.0,49618.0
580,2023-08-11,1,001540,8340.0,32442.0
581,2023-08-14,1,001540,8110.0,30426.0
582,2023-08-16,2,001540,7900.0,34161.0
583,2023-08-17,0,001540,7920.0,24652.0
584,2023-08-18,0,001540,7780.0,12674.0
585,2023-08-21,1,001540,7800.0,39617.0
586,2023-08-22,2,001540,7610.0,47516.0
587,2023-08-23,2,001540,7620.0,10615.0
588,2023-08-24,3,001540,7670.0,46735.0
589,2023-08-25,0,001540,7540.0,38809.0
590,2023-08-28,0,001540,7550.0,10624.0
591,2023-08-29,2,001540,7640.0,13753.0
592,2023-08-30,0,001540,7650.0,14470.0
593,2023-08-31,2,001540,7620.0,16060.0
594,2023-08-01,4,263700,5430.0,66899.0
595,2023-08-02,2,263700,5350.0,77711.0
596,2023-08-03,1,263700,5430.0,68816.0
597,2023-08-04,1,263700,5360.0,60419.0
598,2023-08-07,2,263700,5370.0,28083.0
599,2023-08-08,4,263700,5260.0,30449.0
600,2023-08-09,1,263700,5420.0,25390.0
601,2023-08-10,4,263700,5520.0,46952.0
602,2023-08-11,2,263700,5510.0,28072.0
603,2023-08-14,2,263700,5420.0,24967.0
604,2023-08-16,6,263700,5130.0,48249.0
605,2023-08-17,1,263700,5100.0,40153.0
606,2023-08-18,1,263700,5000.0,26804.0
607,2023-08-21,2,263700,4975.0,21846.0
608,2023-08-22,4,263700,5060.0,50032.0
609,2023-08-23,13,263700,5210.0,1171592.0
610,2023-08-24,5,263700,5340.0,95289.0
611,2023-08-25,9,263700,5500.0,279958.0
612,2023-08-28,5,263700,5510.0,47617.0
613,2023-08-29,3,263700,5560.0,51908.0
614,2023-08-30,8,263700,5670.0,85808.0
615,2023-08-31,7,263700,5670.0,68329.0
616,2023-08-01,1,011320,5440.0,41362.0
617,2023-08-02,3,011320,5570.0,102769.0
618,2023-08-03,2,011320,5590.0,80860.0
619,2023-08-04,1,011320,5570.0,28377.0
620,2023-08-07,3,011320,5570.0,89328.0
621,2023-08-08,6,011320,5480.0,36564.0
622,2023-08-09,2,011320,5510.0,16962.0
623,2023-08-10,9,011320,5590.0,395445.0
624,2023-08-11,0,011320,5650.0,62296.0
625,2023-08-14,2,011320,5520.0,37718.0
626,2023-08-16,3,011320,5480.0,55437.0
627,2023-08-17,2,011320,5320.0,51369.0
628,2023-08-18,1,011320,5360.0,25890.0
629,2023-08-21,1,011320,5300.0,38879.0
630,2023-08-22,2,011320,5350.0,61150.0
631,2023-08-23,1,011320,5290.0,31541.0
632,2023-08-24,2,011320,5290.0,28755.0
633,2023-08-25,2,011320,5300.0,98157.0
634,2023-08-28,2,011320,5300.0,43539.0
635,2023-08-29,0,011320,5350.0,42533.0
636,2023-08-30,4,011320,5560.0,400541.0
637,2023-08-31,2,011320,5460.0,117413.0
638,2023-08-01,3,186230,9690.0,49108.0
639,2023-08-02,2,186230,9580.0,64914.0
640,2023-08-03,1,186230,9470.0,67906.0
641,2023-08-04,3,186230,9620.0,37824.0
642,2023-08-07,2,186230,9620.0,36006.0
643,2023-08-08,2,186230,9410.0,40381.0
644,2023-08-09,4,186230,9580.0,21348.0
645,2023-08-10,1,186230,9580.0,29126.0
646,2023-08-11,1,186230,9550.0,27054.0
647,2023-08-14,3,186230,9560.0,24525.0
648,2023-08-16,1,186230,9230.0,55365.0
649,2023-08-17,6,186230,8980.0,82018.0
650,2023-08-18,14,186230,8770.0,50584.0
651,2023-08-21,1,186230,8760.0,37099.0
652,2023-08-22,24,186230,8900.0,392095.0
653,2023-08-23,4,186230,9020.0,82502.0
654,2023-08-24,19,186230,9470.0,138921.0
655,2023-08-25,16,186230,9120.0,63019.0
656,2023-08-28,7,186230,9050.0,25559.0
657,2023-08-29,3,186230,9100.0,48789.0
658,2023-08-30,5,186230,9010.0,44952.0
659,2023-08-31,4,186230,9020.0,47137.0
660,2023-08-01,10,090410,2275.0,893211.0
661,2023-08-02,25,090410,2210.0,867145.0
662,2023-08-03,25,090410,2165.0,816520.0
663,2023-08-04,26,090410,2215.0,662363.0
664,2023-08-07,13,090410,2215.0,492089.0
665,2023-08-08,17,090410,2180.0,425082.0
666,2023-08-09,12,090410,2225.0,409691.0
667,2023-08-10,28,090410,2180.0,575223.0
668,2023-08-11,33,090410,2275.0,1271430.0
669,2023-08-14,53,090410,2160.0,1475787.0
670,2023-08-16,28,090410,2075.0,1274199.0
671,2023-08-17,32,090410,2065.0,1185409.0
672,2023-08-18,49,090410,2040.0,717778.0
673,2023-08-21,17,090410,2050.0,491944.0
674,2023-08-22,29,090410,2035.0,590176.0
675,2023-08-23,39,090410,2125.0,1589853.0
676,2023-08-24,22,090410,2135.0,1024574.0
677,2023-08-25,12,090410,2135.0,490873.0
678,2023-08-28,18,090410,2170.0,610744.0
679,2023-08-29,20,090410,2195.0,595806.0
680,2023-08-30,22,090410,2165.0,420011.0
681,2023-08-31,13,090410,2130.0,431271.0
682,2023-08-01,2,043650,5860.0,34444.0
683,2023-08-02,2,043650,5900.0,28833.0
684,2023-08-03,4,043650,5910.0,15665.0
685,2023-08-04,2,043650,5940.0,13371.0
686,2023-08-07,4,043650,5990.0,19017.0
687,2023-08-08,4,043650,5950.0,21728.0
688,2023-08-09,2,043650,5870.0,10675.0
689,2023-08-10,2,043650,5940.0,15647.0
690,2023-08-11,3,043650,5940.0,8937.0
691,2023-08-14,4,043650,5860.0,26946.0
692,2023-08-16,6,043650,5710.0,36530.0
693,2023-08-17,3,043650,5580.0,38380.0
694,2023-08-18,6,043650,5440.0,23276.0
695,2023-08-21,4,043650,5540.0,15608.0
696,2023-08-22,5,043650,5620.0,28796.0
697,2023-08-23,5,043650,5750.0,21430.0
698,2023-08-24,3,043650,5720.0,9865.0
699,2023-08-25,9,043650,5830.0,151773.0
700,2023-08-28,3,043650,5750.0,22244.0
701,2023-08-29,4,043650,5770.0,14723.0
702,2023-08-30,7,043650,5720.0,20350.0
703,2023-08-31,8,043650,5700.0,12212.0
704,2023-08-01,8,376980,11060.0,48629.0
705,2023-08-02,2,376980,10900.0,17410.0
706,2023-08-03,5,376980,10700.0,19299.0
707,2023-08-04,0,376980,10720.0,16396.0
708,2023-08-07,4,376980,10890.0,24284.0
709,2023-08-08,9,376980,10550.0,107217.0
710,2023-08-09,8,376980,10670.0,83990.0
711,2023-08-10,0,376980,10780.0,53733.0
712,2023-08-11,4,376980,10900.0,30904.0
713,2023-08-14,0,376980,10540.0,43222.0
714,2023-08-16,4,376980,10180.0,49180.0
715,2023-08-17,14,376980,9900.0,111978.0
716,2023-08-18,8,376980,9990.0,50864.0
717,2023-08-21,0,376980,10170.0,38377.0
718,2023-08-22,1,376980,10330.0,36115.0
719,2023-08-23,1,376980,10320.0,22462.0
720,2023-08-24,1,376980,10420.0,27170.0
721,2023-08-25,5,376980,10310.0,18640.0
722,2023-08-28,1,376980,10440.0,18031.0
723,2023-08-29,1,376980,10520.0,29941.0
724,2023-08-30,3,376980,10730.0,52478.0
725,2023-08-31,2,376980,11060.0,59223.0
726,2023-08-01,49,051490,7310.0,2289404.0
727,2023-08-02,11,051490,7200.0,231759.0
728,2023-08-03,14,051490,6940.0,354049.0
729,2023-08-04,10,051490,6800.0,189386.0
730,2023-08-07,7,051490,6650.0,211443.0
731,2023-08-08,6,051490,6640.0,134373.0
732,2023-08-09,5,051490,6710.0,49079.0
733,2023-08-10,2,051490,6670.0,61225.0
734,2023-08-11,4,051490,6850.0,86695.0
735,2023-08-14,8,051490,6820.0,67919.0
736,2023-08-16,6,051490,6510.0,121781.0
737,2023-08-17,7,051490,6470.0,119647.0
738,2023-08-18,7,051490,6640.0,105521.0
739,2023-08-21,7,051490,6660.0,70000.0
740,2023-08-22,5,051490,6610.0,72949.0
741,2023-08-23,6,051490,6720.0,103156.0
742,2023-08-24,2,051490,6750.0,45994.0
743,2023-08-25,4,051490,6710.0,59350.0
744,2023-08-28,2,051490,6810.0,32186.0
745,2023-08-29,2,051490,6830.0,41081.0
746,2023-08-30,6,051490,6910.0,42400.0
747,2023-08-31,3,051490,6830.0,44559.0
748,2023-08-01,7,290090,14050.0,27205.0
749,2023-08-02,6,290090,13500.0,13243.0
750,2023-08-03,2,290090,13190.0,8215.0
751,2023-08-04,0,290090,13470.0,2390.0
752,2023-08-07,2,290090,13500.0,5644.0
753,2023-08-08,2,290090,13350.0,8584.0
754,2023-08-09,5,290090,13300.0,2758.0
755,2023-08-10,2,290090,12940.0,20449.0
756,2023-08-11,3,290090,13100.0,8195.0
757,2023-08-14,1,290090,13000.0,7676.0
758,2023-08-16,0,290090,12820.0,11872.0
759,2023-08-17,1,290090,12770.0,8292.0
760,2023-08-18,2,290090,12920.0,5849.0
761,2023-08-21,1,290090,12750.0,3501.0
762,2023-08-22,3,290090,12880.0,3554.0
763,2023-08-23,2,290090,12720.0,4665.0
764,2023-08-24,4,290090,12800.0,4100.0
765,2023-08-25,0,290090,12600.0,2815.0
766,2023-08-28,2,290090,12500.0,4659.0
767,2023-08-29,1,290090,12850.0,9076.0
768,2023-08-30,5,290090,13170.0,9180.0
769,2023-08-31,16,290090,13520.0,39111.0
770,2023-08-01,1,187870,14700.0,14766.0
771,2023-08-02,2,187870,14460.0,30004.0
772,2023-08-03,2,187870,14470.0,10105.0
773,2023-08-04,3,187870,14400.0,4549.0
774,2023-08-07,3,187870,14390.0,7319.0
775,2023-08-08,8,187870,14020.0,29010.0
776,2023-08-09,2,187870,14240.0,10198.0
777,2023-08-10,2,187870,14320.0,4708.0
778,2023-08-11,3,187870,14720.0,14398.0
779,2023-08-14,1,187870,14410.0,6816.0
780,2023-08-16,2,187870,13900.0,17185.0
781,2023-08-17,1,187870,14170.0,10352.0
782,2023-08-18,1,187870,14300.0,6630.0
783,2023-08-21,1,187870,14170.0,6092.0
784,2023-08-22,2,187870,13890.0,8759.0
785,2023-08-23,0,187870,13960.0,3497.0
786,2023-08-24,0,187870,14130.0,5852.0
787,2023-08-25,2,187870,13710.0,12758.0
788,2023-08-28,2,187870,13940.0,5938.0
789,2023-08-29,0,187870,14120.0,5054.0
790,2023-08-30,4,187870,14410.0,9093.0
791,2023-08-31,0,187870,14440.0,4877.0
792,2023-08-01,3,039290,11880.0,74538.0
793,2023-08-02,1,039290,11490.0,54553.0
794,2023-08-03,3,039290,11020.0,63614.0
795,2023-08-04,1,039290,11300.0,33547.0
796,2023-08-07,0,039290,11320.0,30920.0
797,2023-08-08,1,039290,10890.0,51547.0
798,2023-08-09,4,039290,11010.0,20026.0
799,2023-08-10,0,039290,11070.0,37038.0
800,2023-08-11,1,039290,11230.0,28861.0
801,2023-08-14,2,039290,11020.0,28839.0
802,2023-08-16,0,039290,10500.0,74610.0
803,2023-08-17,5,039290,10350.0,47049.0
804,2023-08-18,2,039290,10110.0,28816.0
805,2023-08-21,3,039290,10150.0,21896.0
806,2023-08-22,7,039290,10100.0,28975.0
807,2023-08-23,0,039290,10220.0,27549.0
808,2023-08-24,2,039290,10530.0,28519.0
809,2023-08-25,3,039290,10180.0,31672.0
810,2023-08-28,0,039290,10470.0,28849.0
811,2023-08-29,5,039290,10930.0,46862.0
812,2023-08-30,83,039290,12480.0,2932502.0
813,2023-08-31,30,039290,11910.0,468514.0
814,2023-08-01,4,076080,4520.0,279907.0
815,2023-08-02,8,076080,4455.0,295477.0
816,2023-08-03,10,076080,4325.0,282441.0
817,2023-08-04,4,076080,4430.0,601938.0
818,2023-08-07,3,076080,4350.0,218819.0
819,2023-08-08,54,076080,4500.0,5487434.0
820,2023-08-09,8,076080,4610.0,699241.0
821,2023-08-10,9,076080,4680.0,678665.0
822,2023-08-11,8,076080,4620.0,401304.0
823,2023-08-14,4,076080,4510.0,218147.0
824,2023-08-16,8,076080,4315.0,428631.0
825,2023-08-17,1,076080,4285.0,191461.0
826,2023-08-18,2,076080,4285.0,130163.0
827,2023-08-21,6,076080,4420.0,219248.0
828,2023-08-22,72,076080,4575.0,5136330.0
829,2023-08-23,13,076080,4475.0,544808.0
830,2023-08-24,19,076080,4540.0,468608.0
831,2023-08-25,8,076080,4560.0,281067.0
832,2023-08-28,11,076080,4660.0,294151.0
833,2023-08-29,3,076080,4730.0,373222.0
834,2023-08-30,3,076080,4670.0,275098.0
835,2023-08-31,4,076080,4615.0,169510.0
836,2023-08-01,0,082850,2100.0,120593.0
837,2023-08-02,0,082850,2060.0,78396.0
838,2023-08-03,1,082850,2060.0,120511.0
839,2023-08-04,1,082850,2050.0,86387.0
840,2023-08-07,1,082850,2085.0,120942.0
841,2023-08-08,1,082850,2010.0,110337.0
842,2023-08-09,2,082850,2090.0,134200.0
843,2023-08-10,3,082850,2100.0,97950.0
844,2023-08-11,5,082850,2130.0,207903.0
845,2023-08-14,2,082850,2050.0,102627.0
846,2023-08-16,3,082850,1987.0,267523.0
847,2023-08-17,7,082850,2000.0,171180.0
848,2023-08-18,3,082850,2000.0,92792.0
849,2023-08-21,2,082850,2020.0,45535.0
850,2023-08-22,2,082850,1977.0,147651.0
851,2023-08-23,26,082850,1998.0,2124705.0
852,2023-08-24,1,082850,2035.0,235594.0
853,2023-08-25,4,082850,2005.0,152136.0
854,2023-08-28,63,082850,2430.0,7379130.0
855,2023-08-29,15,082850,2320.0,1421405.0
856,2023-08-30,2,082850,2295.0,443237.0
857,2023-08-31,96,082850,2375.0,18422602.0
858,2023-08-01,1,134580,4615.0,147694.0
859,2023-08-02,1,134580,4485.0,58240.0
860,2023-08-03,0,134580,4510.0,23784.0
861,2023-08-04,0,134580,4565.0,29912.0
862,2023-08-07,2,134580,4990.0,391346.0
863,2023-08-08,2,134580,4765.0,61310.0
864,2023-08-09,3,134580,4730.0,27857.0
865,2023-08-10,1,134580,4795.0,62370.0
866,2023-08-11,0,134580,4795.0,19970.0
867,2023-08-14,2,134580,4640.0,24411.0
868,2023-08-16,4,134580,4265.0,148324.0
869,2023-08-17,0,134580,4300.0,67530.0
870,2023-08-18,1,134580,4265.0,19756.0
871,2023-08-21,1,134580,4180.0,44092.0
872,2023-08-22,1,134580,4290.0,49833.0
873,2023-08-23,1,134580,4400.0,97718.0
874,2023-08-24,2,134580,4390.0,41759.0
875,2023-08-25,0,134580,4305.0,31430.0
876,2023-08-28,1,134580,4250.0,27517.0
877,2023-08-29,0,134580,4230.0,52850.0
878,2023-08-30,0,134580,4285.0,44343.0
879,2023-08-31,0,134580,4270.0,31927.0
880,2023-08-01,13,027580,1713.0,1708963.0
881,2023-08-02,287,027580,2095.0,57867610.0
882,2023-08-03,408,027580,1958.0,50692845.0
883,2023-08-04,145,027580,1850.0,8825983.0
884,2023-08-07,150,027580,1970.0,18244779.0
885,2023-08-08,132,027580,1776.0,13916052.0
886,2023-08-09,46,027580,1793.0,3485871.0
887,2023-08-10,33,027580,1761.0,2723744.0
888,2023-08-11,28,027580,1819.0,2481384.0
889,2023-08-14,60,027580,1818.0,4688254.0
890,2023-08-16,75,027580,1980.0,15308954.0
891,2023-08-17,111,027580,1656.0,6341287.0
892,2023-08-18,50,027580,1600.0,2621812.0
893,2023-08-21,37,027580,1620.0,1994750.0
894,2023-08-22,13,027580,1601.0,1343447.0
895,2023-08-23,28,027580,1640.0,2799100.0
896,2023-08-24,8,027580,1622.0,1623625.0
897,2023-08-25,22,027580,1581.0,1506197.0
898,2023-08-28,10,027580,1614.0,1067697.0
899,2023-08-29,53,027580,1691.0,8595888.0
900,2023-08-30,391,027580,1946.0,43104083.0
901,2023-08-31,527,027580,2015.0,56767585.0
902,2023-08-01,9,037440,7270.0,115772.0
903,2023-08-02,7,037440,7200.0,105564.0
904,2023-08-03,11,037440,7080.0,84846.0
905,2023-08-04,4,037440,7110.0,53835.0
906,2023-08-07,8,037440,7120.0,117813.0
907,2023-08-08,8,037440,7230.0,522027.0
908,2023-08-09,2,037440,7230.0,90708.0
909,2023-08-10,10,037440,7100.0,73256.0
910,2023-08-11,4,037440,7140.0,90780.0
911,2023-08-14,17,037440,6810.0,244651.0
912,2023-08-16,13,037440,6610.0,146527.0
913,2023-08-17,9,037440,6580.0,130093.0
914,2023-08-18,6,037440,6650.0,84339.0
915,2023-08-21,9,037440,6660.0,49031.0
916,2023-08-22,6,037440,6570.0,77038.0
917,2023-08-23,2,037440,6770.0,146943.0
918,2023-08-24,10,037440,6770.0,64889.0
919,2023-08-25,3,037440,6640.0,55413.0
920,2023-08-28,5,037440,6820.0,98649.0
921,2023-08-29,5,037440,6840.0,60549.0
922,2023-08-30,19,037440,6710.0,111173.0
923,2023-08-31,6,037440,6680.0,94034.0
924,2023-08-01,1,059210,4240.0,856687.0
925,2023-08-02,3,059210,4175.0,960155.0
926,2023-08-03,1,059210,4100.0,1103792.0
927,2023-08-04,6,059210,4040.0,699141.0
928,2023-08-07,2,059210,3950.0,514912.0
929,2023-08-08,3,059210,4005.0,448878.0
930,2023-08-09,3,059210,4065.0,335742.0
931,2023-08-10,1,059210,4130.0,446742.0
932,2023-08-11,1,059210,4360.0,620647.0
933,2023-08-14,12,059210,4180.0,415348.0
934,2023-08-16,8,059210,3860.0,856284.0
935,2023-08-17,4,059210,3725.0,866300.0
936,2023-08-18,4,059210,3600.0,471037.0
937,2023-08-21,2,059210,3775.0,370251.0
938,2023-08-22,0,059210,3730.0,220568.0
939,2023-08-23,3,059210,3675.0,256880.0
940,2023-08-24,4,059210,3890.0,733580.0
941,2023-08-25,0,059210,3795.0,194606.0
942,2023-08-28,6,059210,3725.0,500041.0
943,2023-08-29,9,059210,4265.0,2167784.0
944,2023-08-30,8,059210,4590.0,3892392.0
945,2023-08-31,8,059210,4630.0,1744897.0
946,2023-08-01,3,189980,2520.0,113896.0
947,2023-08-02,2,189980,2450.0,166228.0
948,2023-08-03,3,189980,2480.0,117300.0
949,2023-08-04,0,189980,2510.0,93203.0
950,2023-08-07,6,189980,2500.0,95524.0
951,2023-08-08,5,189980,2445.0,141157.0
952,2023-08-09,6,189980,2505.0,74998.0
953,2023-08-10,1,189980,2515.0,73939.0
954,2023-08-11,1,189980,2545.0,81545.0
955,2023-08-14,2,189980,2505.0,66025.0
956,2023-08-16,2,189980,2450.0,76893.0
957,2023-08-17,6,189980,2415.0,202764.0
958,2023-08-18,1,189980,2395.0,133259.0
959,2023-08-21,3,189980,2400.0,79693.0
960,2023-08-22,3,189980,2445.0,152388.0
961,2023-08-23,3,189980,2385.0,78554.0
962,2023-08-24,4,189980,2375.0,81081.0
963,2023-08-25,2,189980,2425.0,108995.0
964,2023-08-28,2,189980,2425.0,80513.0
965,2023-08-29,6,189980,2440.0,301977.0
966,2023-08-30,0,189980,2500.0,122545.0
967,2023-08-31,2,189980,2460.0,67849.0
968,2023-08-01,23,200230,903.0,554752.0
969,2023-08-02,21,200230,889.0,224489.0
970,2023-08-03,17,200230,920.0,316067.0
971,2023-08-04,14,200230,923.0,374696.0
972,2023-08-07,8,200230,911.0,141734.0
973,2023-08-08,9,200230,906.0,140420.0
974,2023-08-09,8,200230,929.0,148051.0
975,2023-08-10,11,200230,920.0,78255.0
976,2023-08-11,3,200230,936.0,129810.0
977,2023-08-14,4,200230,936.0,145165.0
978,2023-08-16,7,200230,907.0,102749.0
979,2023-08-17,5,200230,894.0,163820.0
980,2023-08-18,9,200230,883.0,197329.0
981,2023-08-21,7,200230,890.0,64979.0
982,2023-08-22,7,200230,878.0,118356.0
983,2023-08-23,5,200230,880.0,170398.0
984,2023-08-24,11,200230,879.0,217625.0
985,2023-08-25,10,200230,875.0,87071.0
986,2023-08-28,2,200230,890.0,91873.0
987,2023-08-29,0,200230,890.0,125290.0
988,2023-08-30,6,200230,902.0,157644.0
989,2023-08-31,7,200230,890.0,83300.0
990,2023-08-01,0,013990,3070.0,144299.0
991,2023-08-02,2,013990,3010.0,87145.0
992,2023-08-03,3,013990,2985.0,57526.0
993,2023-08-04,3,013990,3070.0,107041.0
994,2023-08-07,2,013990,3090.0,87249.0
995,2023-08-08,3,013990,2990.0,83699.0
996,2023-08-09,2,013990,3025.0,45902.0
997,2023-08-10,25,013990,3230.0,3620879.0
998,2023-08-11,6,013990,3225.0,482625.0
999,2023-08-14,11,013990,3260.0,496278.0
1000,2023-08-16,5,013990,3160.0,293852.0
1001,2023-08-17,4,013990,3040.0,299686.0
1002,2023-08-18,14,013990,3045.0,1124487.0
1003,2023-08-21,2,013990,3055.0,138485.0
1004,2023-08-22,1,013990,3020.0,128223.0
1005,2023-08-23,1,013990,3120.0,193004.0
1006,2023-08-24,2,013990,3140.0,125743.0
1007,2023-08-25,1,013990,3165.0,262498.0
1008,2023-08-28,6,013990,3255.0,230750.0
1009,2023-08-29,92,013990,3335.0,11535929.0
1010,2023-08-30,18,013990,3345.0,1137807.0
1011,2023-08-31,36,013990,3360.0,2040274.0
1012,2023-08-01,0,122310,6930.0,21155.0
1013,2023-08-02,0,122310,6900.0,8584.0
1014,2023-08-03,0,122310,6860.0,10510.0
1015,2023-08-04,0,122310,6900.0,11942.0
1016,2023-08-07,1,122310,6930.0,13462.0
1017,2023-08-08,0,122310,6730.0,11299.0
1018,2023-08-09,0,122310,6840.0,6429.0
1019,2023-08-10,1,122310,7040.0,32196.0
1020,2023-08-11,2,122310,6990.0,63896.0
1021,2023-08-14,3,122310,6790.0,12504.0
1022,2023-08-16,0,122310,6600.0,26103.0
1023,2023-08-17,2,122310,6520.0,12336.0
1024,2023-08-18,1,122310,6490.0,12929.0
1025,2023-08-21,0,122310,6490.0,11005.0
1026,2023-08-22,5,122310,6620.0,395973.0
1027,2023-08-23,3,122310,6530.0,43433.0
1028,2023-08-24,50,122310,7100.0,2405362.0
1029,2023-08-25,31,122310,6970.0,1592568.0
1030,2023-08-28,7,122310,6840.0,183004.0
1031,2023-08-29,2,122310,6980.0,81880.0
1032,2023-08-30,3,122310,6920.0,61259.0
1033,2023-08-31,0,122310,7040.0,65434.0
1034,2023-08-01,4,011370,997.0,179362.0
1035,2023-08-02,6,011370,989.0,228609.0
1036,2023-08-03,5,011370,994.0,253592.0
1037,2023-08-04,8,011370,989.0,112375.0
1038,2023-08-07,1,011370,982.0,136045.0
1039,2023-08-08,2,011370,984.0,159327.0
1040,2023-08-09,4,011370,988.0,116813.0
1041,2023-08-10,4,011370,1001.0,173588.0
1042,2023-08-11,1,011370,1014.0,338033.0
1043,2023-08-14,2,011370,1018.0,95763.0
1044,2023-08-16,3,011370,1001.0,159862.0
1045,2023-08-17,0,011370,986.0,155351.0
1046,2023-08-18,3,011370,1003.0,200201.0
1047,2023-08-21,2,011370,1015.0,123157.0
1048,2023-08-22,0,011370,1002.0,104479.0
1049,2023-08-23,1,011370,1000.0,74926.0
1050,2023-08-24,5,011370,1004.0,122143.0
1051,2023-08-25,3,011370,1004.0,133336.0
1052,2023-08-28,1,011370,1011.0,90767.0
1053,2023-08-29,0,011370,1018.0,159385.0
1054,2023-08-30,3,011370,1016.0,159197.0
1055,2023-08-31,7,011370,1015.0,101454.0
1056,2023-08-01,9,078890,5920.0,77613.0
1057,2023-08-02,11,078890,5830.0,68636.0
1058,2023-08-03,2,078890,5760.0,69375.0
1059,2023-08-04,6,078890,5800.0,53102.0
1060,2023-08-07,6,078890,5840.0,43819.0
1061,2023-08-08,6,078890,5730.0,80798.0
1062,2023-08-09,7,078890,5800.0,46529.0
1063,2023-08-10,4,078890,5760.0,39875.0
1064,2023-08-11,6,078890,5840.0,77829.0
1065,2023-08-14,17,078890,5700.0,54049.0
1066,2023-08-16,10,078890,5580.0,69175.0
1067,2023-08-17,8,078890,5480.0,107737.0
1068,2023-08-18,9,078890,5340.0,102186.0
1069,2023-08-21,20,078890,5540.0,940914.0
1070,2023-08-22,13,078890,5460.0,82625.0
1071,2023-08-23,5,078890,5460.0,70986.0
1072,2023-08-24,24,078890,5700.0,251005.0
1073,2023-08-25,8,078890,5660.0,62108.0
1074,2023-08-28,7,078890,5770.0,52849.0
1075,2023-08-29,9,078890,5910.0,151073.0
1076,2023-08-30,9,078890,5950.0,82810.0
1077,2023-08-31,9,078890,5930.0,55977.0
1078,2023-08-01,2,032850,6000.0,69407.0
1079,2023-08-02,0,032850,5950.0,59672.0
1080,2023-08-03,5,032850,6080.0,68513.0
1081,2023-08-04,0,032850,6040.0,71527.0
1082,2023-08-07,2,032850,6050.0,64733.0
1083,2023-08-08,1,032850,5900.0,59037.0
1084,2023-08-09,1,032850,6060.0,41015.0
1085,2023-08-10,0,032850,6050.0,48994.0
1086,2023-08-11,2,032850,6050.0,51336.0
1087,2023-08-14,1,032850,5900.0,79346.0
1088,2023-08-16,1,032850,5600.0,194062.0
1089,2023-08-17,0,032850,5570.0,99529.0
1090,2023-08-18,1,032850,5580.0,57615.0
1091,2023-08-21,1,032850,5650.0,93925.0
1092,2023-08-22,1,032850,5680.0,36158.0
1093,2023-08-23,15,032850,5850.0,1125965.0
1094,2023-08-24,3,032850,5820.0,156402.0
1095,2023-08-25,2,032850,5710.0,113823.0
1096,2023-08-28,1,032850,5730.0,58812.0
1097,2023-08-29,0,032850,5820.0,64819.0
1098,2023-08-30,97,032850,6520.0,6717252.0
1099,2023-08-31,29,032850,6190.0,1049057.0
1100,2023-08-01,12,043910,1222.0,1712208.0
1101,2023-08-02,10,043910,1197.0,1448024.0
1102,2023-08-03,10,043910,1195.0,1554214.0
1103,2023-08-04,14,043910,1193.0,1152044.0
1104,2023-08-07,39,043910,1254.0,3322368.0
1105,2023-08-08,153,043910,1374.0,20853692.0
1106,2023-08-09,131,043910,1425.0,16542366.0
1107,2023-08-10,169,043910,1263.0,8558667.0
1108,2023-08-11,31,043910,1226.0,4112310.0
1109,2023-08-14,18,043910,1216.0,2196054.0
1110,2023-08-16,8,043910,1189.0,1781174.0
1111,2023-08-17,15,043910,1174.0,1614391.0
1112,2023-08-18,25,043910,1152.0,1194654.0
1113,2023-08-21,10,043910,1161.0,615585.0
1114,2023-08-22,21,043910,1184.0,862830.0
1115,2023-08-23,30,043910,1188.0,1326170.0
1116,2023-08-24,18,043910,1169.0,1028709.0
1117,2023-08-25,44,043910,1216.0,2262979.0
1118,2023-08-28,9,043910,1223.0,1058006.0
1119,2023-08-29,43,043910,1230.0,2534629.0
1120,2023-08-30,33,043910,1240.0,1505145.0
1121,2023-08-31,21,043910,1209.0,971603.0
1122,2023-08-01,6,175250,2630.0,254999.0
1123,2023-08-02,10,175250,2560.0,327877.0
1124,2023-08-03,17,175250,2675.0,323648.0
1125,2023-08-04,9,175250,2670.0,171008.0
1126,2023-08-07,5,175250,2630.0,250157.0
1127,2023-08-08,11,175250,2540.0,160909.0
1128,2023-08-09,9,175250,2625.0,171249.0
1129,2023-08-10,16,175250,2725.0,549342.0
1130,2023-08-11,13,175250,2745.0,168279.0
1131,2023-08-14,10,175250,2655.0,214897.0
1132,2023-08-16,8,175250,2650.0,210956.0
1133,2023-08-17,8,175250,2615.0,84386.0
1134,2023-08-18,12,175250,2550.0,145548.0
1135,2023-08-21,5,175250,2550.0,92455.0
1136,2023-08-22,9,175250,2520.0,71958.0
1137,2023-08-23,9,175250,2460.0,107987.0
1138,2023-08-24,8,175250,2500.0,44142.0
1139,2023-08-25,6,175250,2465.0,59063.0
1140,2023-08-28,7,175250,2570.0,83554.0
1141,2023-08-29,10,175250,2670.0,271933.0
1142,2023-08-30,6,175250,2700.0,119545.0
1143,2023-08-31,4,175250,2715.0,142590.0
1144,2023-08-01,2,054920,3495.0,219906.0
1145,2023-08-02,1,054920,3410.0,162878.0
1146,2023-08-03,0,054920,3325.0,176570.0
1147,2023-08-04,0,054920,3360.0,119655.0
1148,2023-08-07,2,054920,3380.0,135886.0
1149,2023-08-08,1,054920,3325.0,127102.0
1150,2023-08-09,3,054920,3375.0,42496.0
1151,2023-08-10,3,054920,3375.0,50235.0
1152,2023-08-11,1,054920,3365.0,109331.0
1153,2023-08-14,2,054920,3400.0,89984.0
1154,2023-08-16,2,054920,3230.0,161554.0
1155,2023-08-17,2,054920,3190.0,163104.0
1156,2023-08-18,0,054920,3170.0,135154.0
1157,2023-08-21,0,054920,3270.0,109104.0
1158,2023-08-22,0,054920,3305.0,76448.0
1159,2023-08-23,33,054920,3690.0,3456824.0
1160,2023-08-24,10,054920,3435.0,969328.0
1161,2023-08-25,10,054920,3355.0,210677.0
1162,2023-08-28,6,054920,3400.0,145549.0
1163,2023-08-29,6,054920,3520.0,420842.0
1164,2023-08-30,8,054920,3600.0,286700.0
1165,2023-08-31,3,054920,3585.0,188441.0
1166,2023-08-01,1,241690,3940.0,59777.0
1167,2023-08-02,1,241690,3935.0,43606.0
1168,2023-08-03,6,241690,3840.0,73499.0
1169,2023-08-04,1,241690,3965.0,76971.0
1170,2023-08-07,2,241690,3960.0,31504.0
1171,2023-08-08,2,241690,3920.0,43069.0
1172,2023-08-09,1,241690,3880.0,42948.0
1173,2023-08-10,1,241690,3940.0,40050.0
1174,2023-08-11,4,241690,4065.0,52524.0
1175,2023-08-14,1,241690,4015.0,34015.0
1176,2023-08-16,3,241690,3860.0,50422.0
1177,2023-08-17,1,241690,3875.0,55545.0
1178,2023-08-18,4,241690,3825.0,29238.0
1179,2023-08-21,1,241690,3840.0,22890.0
1180,2023-08-22,0,241690,3835.0,33080.0
1181,2023-08-23,3,241690,3790.0,36179.0
1182,2023-08-24,3,241690,3740.0,42246.0
1183,2023-08-25,0,241690,3760.0,36516.0
1184,2023-08-28,1,241690,3810.0,34526.0
1185,2023-08-29,3,241690,3800.0,21521.0
1186,2023-08-30,1,241690,3810.0,32339.0
1187,2023-08-31,2,241690,3920.0,43017.0
1188,2023-08-01,0,225190,9670.0,6161.0
1189,2023-08-02,0,225190,9630.0,7912.0
1190,2023-08-03,1,225190,9650.0,2518.0
1191,2023-08-04,0,225190,9680.0,5181.0
1192,2023-08-07,1,225190,9690.0,9815.0
1193,2023-08-08,0,225190,9680.0,5420.0
1194,2023-08-09,1,225190,9710.0,4913.0
1195,2023-08-10,2,225190,9790.0,8138.0
1196,2023-08-11,2,225190,9990.0,14098.0
1197,2023-08-14,1,225190,9880.0,9173.0
1198,2023-08-16,0,225190,9820.0,10353.0
1199,2023-08-17,1,225190,9850.0,4904.0
1200,2023-08-18,0,225190,9770.0,4202.0
1201,2023-08-21,1,225190,9760.0,3035.0
1202,2023-08-22,0,225190,9790.0,6152.0
1203,2023-08-23,0,225190,9850.0,5577.0
1204,2023-08-24,0,225190,9850.0,1939.0
1205,2023-08-25,0,225190,9770.0,8236.0
1206,2023-08-28,0,225190,9820.0,3662.0
1207,2023-08-29,0,225190,9830.0,2636.0
1208,2023-08-30,2,225190,9900.0,4334.0
1209,2023-08-31,1,225190,9930.0,8593.0
1210,2023-08-01,1,352700,3595.0,48645.0
1211,2023-08-02,3,352700,3630.0,31045.0
1212,2023-08-03,11,352700,3780.0,176023.0
1213,2023-08-04,4,352700,3845.0,64985.0
1214,2023-08-07,9,352700,3835.0,60965.0
1215,2023-08-08,2,352700,3840.0,73327.0
1216,2023-08-09,3,352700,3835.0,36815.0
1217,2023-08-10,3,352700,3785.0,50303.0
1218,2023-08-11,3,352700,3750.0,37119.0
1219,2023-08-14,8,352700,3715.0,59029.0
1220,2023-08-16,6,352700,3580.0,53482.0
1221,2023-08-17,6,352700,3545.0,111141.0
1222,2023-08-18,4,352700,3455.0,49472.0
1223,2023-08-21,3,352700,3525.0,82742.0
1224,2023-08-22,17,352700,3590.0,135668.0
1225,2023-08-23,5,352700,3700.0,50724.0
1226,2023-08-24,7,352700,3700.0,38603.0
1227,2023-08-25,3,352700,3695.0,19460.0
1228,2023-08-28,35,352700,3800.0,1000016.0
1229,2023-08-29,5,352700,3730.0,117959.0
1230,2023-08-30,3,352700,3740.0,37112.0
1231,2023-08-31,4,352700,3735.0,64068.0
1232,2023-08-01,1,130580,6290.0,4831.0
1233,2023-08-02,0,130580,6150.0,5471.0
1234,2023-08-03,0,130580,6230.0,2682.0
1235,2023-08-04,0,130580,6200.0,2073.0
1236,2023-08-07,0,130580,6250.0,2546.0
1237,2023-08-08,0,130580,6260.0,1315.0
1238,2023-08-09,1,130580,6180.0,6836.0
1239,2023-08-10,0,130580,6220.0,4932.0
1240,2023-08-11,0,130580,6220.0,4691.0
1241,2023-08-14,1,130580,6150.0,14424.0
1242,2023-08-16,0,130580,5990.0,14400.0
1243,2023-08-17,2,130580,6140.0,15362.0
1244,2023-08-18,0,130580,6120.0,5164.0
1245,2023-08-21,0,130580,5980.0,11022.0
1246,2023-08-22,0,130580,5910.0,10023.0
1247,2023-08-23,0,130580,5920.0,3340.0
1248,2023-08-24,0,130580,6030.0,2034.0
1249,2023-08-25,0,130580,6040.0,2579.0
1250,2023-08-28,0,130580,6080.0,5324.0
1251,2023-08-29,2,130580,6130.0,4967.0
1252,2023-08-30,0,130580,6190.0,3556.0
1253,2023-08-31,0,130580,6210.0,5592.0
1254,2023-08-01,0,064850,8000.0,14591.0
1255,2023-08-02,0,064850,7700.0,6546.0
1256,2023-08-03,1,064850,7720.0,8366.0
1257,2023-08-04,0,064850,7780.0,6524.0
1258,2023-08-07,0,064850,7790.0,12937.0
1259,2023-08-08,0,064850,7800.0,6760.0
1260,2023-08-09,0,064850,7830.0,2848.0
1261,2023-08-10,0,064850,7880.0,1522.0
1262,2023-08-11,0,064850,8000.0,5933.0
1263,2023-08-14,0,064850,7970.0,11732.0
1264,2023-08-16,0,064850,7670.0,13147.0
1265,2023-08-17,0,064850,7500.0,5935.0
1266,2023-08-18,0,064850,7540.0,14269.0
1267,2023-08-21,0,064850,7400.0,9162.0
1268,2023-08-22,0,064850,7280.0,9549.0
1269,2023-08-23,0,064850,6910.0,15733.0
1270,2023-08-24,0,064850,7520.0,40071.0
1271,2023-08-25,1,064850,7180.0,28197.0
1272,2023-08-28,0,064850,7250.0,3563.0
1273,2023-08-29,0,064850,7220.0,10442.0
1274,2023-08-30,0,064850,7260.0,6795.0
1275,2023-08-31,0,064850,7220.0,3162.0
1276,2023-08-01,8,330350,7320.0,569052.0
1277,2023-08-02,1,330350,7020.0,83372.0
1278,2023-08-03,1,330350,7100.0,56240.0
1279,2023-08-04,1,330350,7150.0,22828.0
1280,2023-08-07,0,330350,7170.0,21492.0
1281,2023-08-08,1,330350,7100.0,17211.0
1282,2023-08-09,4,330350,7320.0,68726.0
1283,2023-08-10,1,330350,7370.0,30557.0
1284,2023-08-11,4,330350,7320.0,38345.0
1285,2023-08-14,0,330350,7330.0,27909.0
1286,2023-08-16,0,330350,7150.0,50347.0
1287,2023-08-17,1,330350,7000.0,14652.0
1288,2023-08-18,0,330350,7060.0,53314.0
1289,2023-08-21,0,330350,7130.0,13556.0
1290,2023-08-22,0,330350,7220.0,30052.0
1291,2023-08-23,2,330350,7080.0,16047.0
1292,2023-08-24,0,330350,7120.0,15698.0
1293,2023-08-25,1,330350,7250.0,12924.0
1294,2023-08-28,2,330350,7310.0,24892.0
1295,2023-08-29,4,330350,7290.0,42726.0
1296,2023-08-30,4,330350,7380.0,33886.0
1297,2023-08-31,7,330350,7440.0,38189.0
1298,2023-08-01,0,201490,3085.0,114447.0
1299,2023-08-02,0,201490,3060.0,54337.0
1300,2023-08-03,2,201490,3015.0,101913.0
1301,2023-08-04,2,201490,3040.0,58884.0
1302,2023-08-07,0,201490,3060.0,99852.0
1303,2023-08-08,1,201490,2990.0,124268.0
1304,2023-08-09,2,201490,3045.0,137975.0
1305,2023-08-10,6,201490,3185.0,254525.0
1306,2023-08-11,5,201490,3210.0,133425.0
1307,2023-08-14,2,201490,3195.0,71388.0
1308,2023-08-16,5,201490,3095.0,126305.0
1309,2023-08-17,5,201490,3000.0,106424.0
1310,2023-08-18,1,201490,3045.0,75240.0
1311,2023-08-21,9,201490,3030.0,63537.0
1312,2023-08-22,4,201490,3040.0,183896.0
1313,2023-08-23,4,201490,2980.0,61044.0
1314,2023-08-24,5,201490,3060.0,78740.0
1315,2023-08-25,1,201490,3030.0,67171.0
1316,2023-08-28,5,201490,3130.0,113313.0
1317,2023-08-29,4,201490,3165.0,74231.0
1318,2023-08-30,2,201490,3190.0,104574.0
1319,2023-08-31,1,201490,3175.0,67294.0
1320,2023-08-01,0,071280,6290.0,96953.0
1321,2023-08-02,3,071280,6130.0,95819.0
1322,2023-08-03,0,071280,6360.0,174884.0
1323,2023-08-04,1,071280,6420.0,97920.0
1324,2023-08-07,1,071280,6440.0,49329.0
1325,2023-08-08,3,071280,6330.0,63599.0
1326,2023-08-09,0,071280,6500.0,51586.0
1327,2023-08-10,0,071280,6390.0,27754.0
1328,2023-08-11,1,071280,6580.0,81614.0
1329,2023-08-14,0,071280,6500.0,45247.0
1330,2023-08-16,0,071280,6380.0,156037.0
1331,2023-08-17,0,071280,6270.0,43598.0
1332,2023-08-18,0,071280,6230.0,50131.0
1333,2023-08-21,0,071280,6210.0,35917.0
1334,2023-08-22,2,071280,6160.0,53077.0
1335,2023-08-23,2,071280,6400.0,104621.0
1336,2023-08-24,2,071280,6570.0,108598.0
1337,2023-08-25,1,071280,6380.0,25647.0
1338,2023-08-28,0,071280,6370.0,23263.0
1339,2023-08-29,1,071280,6400.0,15545.0
1340,2023-08-30,4,071280,6500.0,30868.0
1341,2023-08-31,1,071280,6510.0,53047.0
1342,2023-08-01,0,066310,10370.0,91856.0
1343,2023-08-02,0,066310,10230.0,57632.0
1344,2023-08-03,0,066310,9940.0,41522.0
1345,2023-08-04,0,066310,10200.0,140027.0
1346,2023-08-07,1,066310,10070.0,37724.0
1347,2023-08-08,16,066310,10100.0,1127217.0
1348,2023-08-09,5,066310,10240.0,234462.0
1349,2023-08-10,2,066310,10000.0,74226.0
1350,2023-08-11,1,066310,10160.0,44133.0
1351,2023-08-14,1,066310,10000.0,37316.0
1352,2023-08-16,1,066310,9800.0,68691.0
1353,2023-08-17,0,066310,9860.0,88601.0
1354,2023-08-18,0,066310,9730.0,28381.0
1355,2023-08-21,2,066310,9830.0,22278.0
1356,2023-08-22,2,066310,9680.0,40776.0
1357,2023-08-23,44,066310,10670.0,2307073.0
1358,2023-08-24,13,066310,10260.0,339456.0
1359,2023-08-25,7,066310,10150.0,94763.0
1360,2023-08-28,3,066310,10260.0,63616.0
1361,2023-08-29,22,066310,10270.0,527011.0
1362,2023-08-30,18,066310,10510.0,134884.0
1363,2023-08-31,1,066310,10360.0,81924.0
1364,2023-08-01,32,081150,3915.0,2346224.0
1365,2023-08-02,129,081150,4120.0,16631659.0
1366,2023-08-03,186,081150,4010.0,11255660.0
1367,2023-08-04,62,081150,3760.0,1657021.0
1368,2023-08-07,40,081150,3885.0,2261608.0
1369,2023-08-08,45,081150,3840.0,3112679.0
1370,2023-08-09,22,081150,3915.0,795130.0
1371,2023-08-10,20,081150,3885.0,547994.0
1372,2023-08-11,33,081150,3970.0,719006.0
1373,2023-08-14,44,081150,3905.0,891938.0
1374,2023-08-16,36,081150,3865.0,1312902.0
1375,2023-08-17,45,081150,3555.0,1006074.0
1376,2023-08-18,375,081150,4610.0,25504829.0
1377,2023-08-21,525,081150,5390.0,51328786.0
1378,2023-08-22,330,081150,4150.0,10468467.0
1379,2023-08-23,135,081150,4230.0,12625067.0
1380,2023-08-24,37,081150,4245.0,2605157.0
1381,2023-08-25,50,081150,4270.0,2674398.0
1382,2023-08-28,32,081150,4400.0,2743773.0
1383,2023-08-29,21,081150,4310.0,1715126.0
1384,2023-08-30,47,081150,4220.0,1115546.0
1385,2023-08-31,33,081150,4160.0,1116032.0
1386,2023-08-01,4,347740,3155.0,424702.0
1387,2023-08-02,4,347740,3135.0,446238.0
1388,2023-08-03,5,347740,3090.0,224267.0
1389,2023-08-04,4,347740,3095.0,144785.0
1390,2023-08-07,0,347740,3145.0,166774.0
1391,2023-08-08,4,347740,3035.0,161250.0
1392,2023-08-09,1,347740,3130.0,141123.0
1393,2023-08-10,52,347740,3320.0,6035913.0
1394,2023-08-11,12,347740,3360.0,2428515.0
1395,2023-08-14,9,347740,3275.0,421213.0
1396,2023-08-16,10,347740,3095.0,455873.0
1397,2023-08-17,7,347740,3050.0,212092.0
1398,2023-08-18,3,347740,3080.0,309970.0
1399,2023-08-21,0,347740,3090.0,94499.0
1400,2023-08-22,2,347740,3045.0,265387.0
1401,2023-08-23,3,347740,3045.0,131726.0
1402,2023-08-24,5,347740,3145.0,112014.0
1403,2023-08-25,10,347740,3120.0,149777.0
1404,2023-08-28,1,347740,3190.0,197006.0
1405,2023-08-29,0,347740,3200.0,102241.0
1406,2023-08-30,2,347740,3160.0,158356.0
1407,2023-08-31,3,347740,3205.0,135380.0
1408,2023-08-01,2,031860,1075.0,2258232.0
1409,2023-08-02,4,031860,1055.0,835608.0
1410,2023-08-03,2,031860,1071.0,1051510.0
1411,2023-08-04,2,031860,1045.0,1030196.0
1412,2023-08-07,5,031860,1035.0,850842.0
1413,2023-08-08,1,031860,1020.0,1423068.0
1414,2023-08-09,10,031860,1216.0,15644844.0
1415,2023-08-10,6,031860,1155.0,3416475.0
1416,2023-08-11,1,031860,1135.0,1778690.0
1417,2023-08-14,2,031860,1089.0,1437128.0
1418,2023-08-16,0,031860,1047.0,1670593.0
1419,2023-08-17,2,031860,1000.0,1594816.0
1420,2023-08-18,1,031860,990.0,1979339.0
1421,2023-08-21,6,031860,990.0,1313421.0
1422,2023-08-22,3,031860,976.0,1312033.0
1423,2023-08-23,8,031860,925.0,4409590.0
1424,2023-08-24,7,031860,1056.0,4152297.0
1425,2023-08-25,2,031860,956.0,3586085.0
1426,2023-08-28,0,031860,948.0,701153.0
1427,2023-08-29,4,031860,952.0,1449670.0
1428,2023-08-30,0,031860,1000.0,1865693.0
1429,2023-08-31,1,031860,984.0,2280080.0
1430,2023-08-01,1,163730,10100.0,34836.0
1431,2023-08-02,4,163730,9970.0,20428.0
1432,2023-08-03,1,163730,9830.0,32750.0
1433,2023-08-04,2,163730,9980.0,30628.0
1434,2023-08-07,3,163730,10100.0,23074.0
1435,2023-08-08,4,163730,9910.0,26522.0
1436,2023-08-09,3,163730,10340.0,40690.0
1437,2023-08-10,3,163730,10360.0,22544.0
1438,2023-08-11,0,163730,10420.0,19433.0
1439,2023-08-14,1,163730,10330.0,15895.0
1440,2023-08-16,4,163730,10070.0,64064.0
1441,2023-08-17,6,163730,9880.0,60206.0
1442,2023-08-18,5,163730,10000.0,24086.0
1443,2023-08-21,3,163730,10000.0,16305.0
1444,2023-08-22,3,163730,10170.0,21069.0
1445,2023-08-23,6,163730,10190.0,18289.0
1446,2023-08-24,4,163730,10300.0,15639.0
1447,2023-08-25,3,163730,10320.0,20521.0
1448,2023-08-28,2,163730,10370.0,17007.0
1449,2023-08-29,5,163730,10320.0,11472.0
1450,2023-08-30,8,163730,10400.0,43361.0
1451,2023-08-31,5,163730,10280.0,15832.0
1452,2023-08-01,12,063440,2045.0,379718.0
1453,2023-08-02,7,063440,2010.0,197331.0
1454,2023-08-03,3,063440,1999.0,287737.0
1455,2023-08-04,9,063440,2045.0,407241.0
1456,2023-08-07,24,063440,2030.0,348148.0
1457,2023-08-08,8,063440,2015.0,218763.0
1458,2023-08-09,11,063440,2045.0,221305.0
1459,2023-08-10,2,063440,2050.0,382080.0
1460,2023-08-11,2,063440,2050.0,233558.0
1461,2023-08-14,2,063440,2040.0,214667.0
1462,2023-08-16,4,063440,2005.0,247899.0
1463,2023-08-17,11,063440,2000.0,621906.0
1464,2023-08-18,6,063440,2000.0,184178.0
1465,2023-08-21,6,063440,1976.0,166999.0
1466,2023-08-22,24,063440,2060.0,953480.0
1467,2023-08-23,6,063440,2035.0,289092.0
1468,2023-08-24,2,063440,2050.0,159260.0
1469,2023-08-25,4,063440,2050.0,193668.0
1470,2023-08-28,4,063440,2065.0,248138.0
1471,2023-08-29,5,063440,2080.0,291091.0
1472,2023-08-30,16,063440,2095.0,275499.0
1473,2023-08-31,43,063440,2070.0,4690362.0
1474,2023-08-01,0,042510,2425.0,152214.0
1475,2023-08-02,1,042510,2400.0,107454.0
1476,2023-08-03,84,042510,2695.0,11984372.0
1477,2023-08-04,56,042510,2660.0,9966731.0
1478,2023-08-07,9,042510,2715.0,1357288.0
1479,2023-08-08,14,042510,2530.0,1139575.0
1480,2023-08-09,10,042510,2560.0,548667.0
1481,2023-08-10,2,042510,2560.0,352986.0
1482,2023-08-11,1,042510,2565.0,415702.0
1483,2023-08-14,4,042510,2610.0,397517.0
1484,2023-08-16,12,042510,2470.0,622406.0
1485,2023-08-17,11,042510,2385.0,450591.0
1486,2023-08-18,3,042510,2320.0,272343.0
1487,2023-08-21,2,042510,2350.0,347595.0
1488,2023-08-22,3,042510,2370.0,210967.0
1489,2023-08-23,15,042510,2460.0,1017497.0
1490,2023-08-24,10,042510,2520.0,354853.0
1491,2023-08-25,4,042510,2470.0,177854.0
1492,2023-08-28,4,042510,2500.0,184596.0
1493,2023-08-29,92,042510,2665.0,6869209.0
1494,2023-08-30,12,042510,2690.0,1813004.0
1495,2023-08-31,2,042510,2640.0,481496.0
1496,2023-08-01,0,065710,18190.0,3494.0
1497,2023-08-02,0,065710,18180.0,1695.0
1498,2023-08-03,0,065710,18140.0,1512.0
1499,2023-08-04,0,065710,18190.0,457.0
1500,2023-08-07,8,065710,18980.0,53071.0
1501,2023-08-08,2,065710,18680.0,9572.0
1502,2023-08-09,1,065710,18790.0,2785.0
1503,2023-08-10,0,065710,18960.0,3880.0
1504,2023-08-11,2,065710,19320.0,15964.0
1505,2023-08-14,0,065710,19350.0,10234.0
1506,2023-08-16,1,065710,18800.0,12432.0
1507,2023-08-17,0,065710,18970.0,5055.0
1508,2023-08-18,0,065710,18990.0,3533.0
1509,2023-08-21,0,065710,19080.0,8674.0
1510,2023-08-22,0,065710,19200.0,4118.0
1511,2023-08-23,0,065710,19430.0,4504.0
1512,2023-08-24,0,065710,19300.0,3214.0
1513,2023-08-25,0,065710,19220.0,2683.0
1514,2023-08-28,0,065710,19270.0,3843.0
1515,2023-08-29,0,065710,19350.0,2954.0
1516,2023-08-30,0,065710,19210.0,1280.0
1517,2023-08-31,0,065710,19210.0,2036.0
1518,2023-08-01,3,250000,13750.0,47671.0
1519,2023-08-02,5,250000,13270.0,46705.0
1520,2023-08-03,2,250000,13190.0,39394.0
1521,2023-08-04,6,250000,13600.0,45325.0
1522,2023-08-07,5,250000,13950.0,133054.0
1523,2023-08-08,2,250000,13420.0,108817.0
1524,2023-08-09,6,250000,13640.0,50271.0
1525,2023-08-10,6,250000,13820.0,34101.0
1526,2023-08-11,2,250000,14150.0,89962.0
1527,2023-08-14,2,250000,13680.0,72159.0
1528,2023-08-16,2,250000,13230.0,58821.0
1529,2023-08-17,13,250000,13670.0,231364.0
1530,2023-08-18,7,250000,14180.0,185024.0
1531,2023-08-21,9,250000,14230.0,334405.0
1532,2023-08-22,220,250000,18000.0,4145763.0
1533,2023-08-23,180,250000,16600.0,5658497.0
1534,2023-08-24,77,250000,15360.0,981288.0
1535,2023-08-25,194,250000,17670.0,4915267.0
1536,2023-08-28,89,250000,16390.0,860458.0
1537,2023-08-29,69,250000,16280.0,447688.0
1538,2023-08-30,86,250000,15460.0,363903.0
1539,2023-08-31,29,250000,14550.0,216053.0
1540,2023-08-01,0,020710,4615.0,30366.0
1541,2023-08-02,3,020710,4655.0,59020.0
1542,2023-08-03,0,020710,4650.0,35883.0
1543,2023-08-04,0,020710,4580.0,37596.0
1544,2023-08-07,5,020710,4455.0,66781.0
1545,2023-08-08,2,020710,4470.0,33559.0
1546,2023-08-09,1,020710,4545.0,28657.0
1547,2023-08-10,0,020710,4545.0,28608.0
1548,2023-08-11,1,020710,4585.0,54881.0
1549,2023-08-14,1,020710,4650.0,65423.0
1550,2023-08-16,1,020710,4545.0,49742.0
1551,2023-08-17,4,020710,4705.0,118751.0
1552,2023-08-18,1,020710,4710.0,75875.0
1553,2023-08-21,0,020710,4690.0,76970.0
1554,2023-08-22,3,020710,4685.0,36173.0
1555,2023-08-23,8,020710,4915.0,271606.0
1556,2023-08-24,2,020710,4750.0,102628.0
1557,2023-08-25,3,020710,4865.0,87845.0
1558,2023-08-28,0,020710,4860.0,59454.0
1559,2023-08-29,3,020710,4960.0,194527.0
1560,2023-08-30,8,020710,4915.0,293226.0
1561,2023-08-31,4,020710,4860.0,45305.0
1562,2023-08-01,1,091590,7850.0,41374.0
1563,2023-08-02,3,091590,7880.0,20229.0
1564,2023-08-03,0,091590,7900.0,26767.0
1565,2023-08-04,5,091590,8220.0,119040.0
1566,2023-08-07,1,091590,8060.0,31507.0
1567,2023-08-08,1,091590,8060.0,71184.0
1568,2023-08-09,1,091590,8100.0,29682.0
1569,2023-08-10,6,091590,8070.0,29290.0
1570,2023-08-11,6,091590,8080.0,19164.0
1571,2023-08-14,1,091590,8120.0,28494.0
1572,2023-08-16,1,091590,8000.0,31658.0
1573,2023-08-17,1,091590,7810.0,36557.0
1574,2023-08-18,4,091590,7830.0,39111.0
1575,2023-08-21,0,091590,7950.0,35141.0
1576,2023-08-22,5,091590,8010.0,48716.0
1577,2023-08-23,7,091590,8070.0,42297.0
1578,2023-08-24,6,091590,8120.0,35778.0
1579,2023-08-25,3,091590,8070.0,61454.0
1580,2023-08-28,3,091590,8270.0,34022.0
1581,2023-08-29,6,091590,8440.0,53391.0
1582,2023-08-30,4,091590,8440.0,33383.0
1583,2023-08-31,8,091590,8170.0,55935.0
1584,2023-08-01,4,115440,8550.0,177335.0
1585,2023-08-02,37,115440,9120.0,1059505.0
1586,2023-08-03,20,115440,8600.0,415914.0
1587,2023-08-04,6,115440,8240.0,241904.0
1588,2023-08-07,16,115440,8410.0,230683.0
1589,2023-08-08,35,115440,8390.0,803181.0
1590,2023-08-09,20,115440,8310.0,111781.0
1591,2023-08-10,9,115440,8320.0,90108.0
1592,2023-08-11,5,115440,8260.0,176538.0
1593,2023-08-14,18,115440,8180.0,180089.0
1594,2023-08-16,20,115440,8170.0,253730.0
1595,2023-08-17,8,115440,8120.0,117914.0
1596,2023-08-18,15,115440,7910.0,158528.0
1597,2023-08-21,7,115440,7810.0,95709.0
1598,2023-08-22,12,115440,7900.0,70438.0
1599,2023-08-23,255,115440,9500.0,8516406.0
1600,2023-08-24,123,115440,8570.0,3016695.0
1601,2023-08-25,43,115440,8150.0,623690.0
1602,2023-08-28,28,115440,8520.0,608365.0
1603,2023-08-29,96,115440,8580.0,1370953.0
1604,2023-08-30,44,115440,8270.0,348385.0
1605,2023-08-31,29,115440,8010.0,382686.0
1606,2023-08-01,2,263800,5670.0,250754.0
1607,2023-08-02,2,263800,5550.0,98829.0
1608,2023-08-03,4,263800,5400.0,101182.0
1609,2023-08-04,0,263800,5500.0,87385.0
1610,2023-08-07,0,263800,5550.0,91735.0
1611,2023-08-08,4,263800,5350.0,103710.0
1612,2023-08-09,3,263800,5420.0,59122.0
1613,2023-08-10,5,263800,5390.0,55431.0
1614,2023-08-11,3,263800,5370.0,45202.0
1615,2023-08-14,10,263800,5290.0,75015.0
1616,2023-08-16,5,263800,5120.0,104215.0
1617,2023-08-17,5,263800,5140.0,83739.0
1618,2023-08-18,5,263800,5210.0,94363.0
1619,2023-08-21,2,263800,5140.0,64663.0
1620,2023-08-22,2,263800,5220.0,58386.0
1621,2023-08-23,5,263800,5620.0,406234.0
1622,2023-08-24,14,263800,5690.0,1708970.0
1623,2023-08-25,3,263800,5430.0,165435.0
1624,2023-08-28,3,263800,5680.0,232983.0
1625,2023-08-29,6,263800,5810.0,274556.0
1626,2023-08-30,1,263800,5940.0,221358.0
1627,2023-08-31,2,263800,5920.0,136229.0
1628,2023-08-01,1,095270,6130.0,51285.0
1629,2023-08-02,0,095270,6100.0,46914.0
1630,2023-08-03,0,095270,6030.0,73947.0
1631,2023-08-04,0,095270,6010.0,62207.0
1632,2023-08-07,0,095270,5990.0,59737.0
1633,2023-08-08,1,095270,5910.0,101534.0
1634,2023-08-09,0,095270,6200.0,66551.0
1635,2023-08-10,1,095270,6280.0,38994.0
1636,2023-08-11,0,095270,6270.0,48219.0
1637,2023-08-14,2,095270,6330.0,31295.0
1638,2023-08-16,0,095270,6200.0,28506.0
1639,2023-08-17,0,095270,6200.0,42730.0
1640,2023-08-18,1,095270,6130.0,27233.0
1641,2023-08-21,3,095270,6210.0,41965.0
1642,2023-08-22,0,095270,6230.0,60506.0
1643,2023-08-23,0,095270,6210.0,42170.0
1644,2023-08-24,3,095270,6110.0,14802.0
1645,2023-08-25,0,095270,5780.0,89043.0
1646,2023-08-28,1,095270,5690.0,46055.0
1647,2023-08-29,0,095270,5890.0,52385.0
1648,2023-08-30,0,095270,6100.0,63401.0
1649,2023-08-31,2,095270,5930.0,75316.0
1650,2023-08-01,9,373200,4840.0,489818.0
1651,2023-08-02,4,373200,4660.0,151285.0
1652,2023-08-03,0,373200,4650.0,102212.0
1653,2023-08-04,13,373200,5100.0,1004527.0
1654,2023-08-07,3,373200,4965.0,185375.0
1655,2023-08-08,5,373200,4665.0,206815.0
1656,2023-08-09,2,373200,4695.0,99226.0
1657,2023-08-10,1,373200,4635.0,73693.0
1658,2023-08-11,2,373200,4640.0,84967.0
1659,2023-08-14,2,373200,4520.0,93290.0
1660,2023-08-16,0,373200,4260.0,159473.0
1661,2023-08-17,6,373200,4200.0,96897.0
1662,2023-08-18,5,373200,4155.0,69781.0
1663,2023-08-21,1,373200,4280.0,87727.0
1664,2023-08-22,5,373200,4300.0,89855.0
1665,2023-08-23,6,373200,4165.0,66269.0
1666,2023-08-24,40,373200,4800.0,2729884.0
1667,2023-08-25,9,373200,4400.0,386189.0
1668,2023-08-28,1,373200,4535.0,165162.0
1669,2023-08-29,5,373200,4540.0,175070.0
1670,2023-08-30,168,373200,5200.0,11602017.0
1671,2023-08-31,16,373200,4945.0,664259.0
1672,2023-08-01,0,025550,3825.0,86211.0
1673,2023-08-02,4,025550,3815.0,117549.0
1674,2023-08-03,1,025550,3960.0,496481.0
1675,2023-08-04,0,025550,3920.0,92716.0
1676,2023-08-07,2,025550,3935.0,180939.0
1677,2023-08-08,1,025550,3955.0,121413.0
1678,2023-08-09,4,025550,3985.0,144472.0
1679,2023-08-10,3,025550,4110.0,164771.0
1680,2023-08-11,2,025550,4180.0,311779.0
1681,2023-08-14,1,025550,4130.0,134112.0
1682,2023-08-16,4,025550,4145.0,147287.0
1683,2023-08-17,16,025550,4140.0,1117152.0
1684,2023-08-18,2,025550,4095.0,147299.0
1685,2023-08-21,1,025550,4040.0,140205.0
1686,2023-08-22,8,025550,4120.0,933242.0
1687,2023-08-23,10,025550,4075.0,341781.0
1688,2023-08-24,2,025550,4095.0,104463.0
1689,2023-08-25,3,025550,4090.0,59557.0
1690,2023-08-28,14,025550,4170.0,302119.0
1691,2023-08-29,3,025550,4185.0,103299.0
1692,2023-08-30,10,025550,4170.0,92123.0
1693,2023-08-31,2,025550,4180.0,286323.0
1694,2023-08-01,3,053050,3030.0,218144.0
1695,2023-08-02,5,053050,2980.0,251693.0
1696,2023-08-03,3,053050,2935.0,209771.0
1697,2023-08-04,2,053050,3025.0,249383.0
1698,2023-08-07,3,053050,3060.0,193538.0
1699,2023-08-08,2,053050,3100.0,341659.0
1700,2023-08-09,6,053050,3095.0,162289.0
1701,2023-08-10,63,053050,3330.0,2995367.0
1702,2023-08-11,24,053050,3315.0,685446.0
1703,2023-08-14,2,053050,3215.0,318732.0
1704,2023-08-16,5,053050,3130.0,261036.0
1705,2023-08-17,7,053050,3075.0,209323.0
1706,2023-08-18,2,053050,3075.0,120345.0
1707,2023-08-21,7,053050,3065.0,158772.0
1708,2023-08-22,8,053050,3105.0,186153.0
1709,2023-08-23,8,053050,3020.0,189502.0
1710,2023-08-24,5,053050,3055.0,137382.0
1711,2023-08-25,4,053050,3030.0,157429.0
1712,2023-08-28,8,053050,3170.0,264140.0
1713,2023-08-29,5,053050,3190.0,162785.0
1714,2023-08-30,5,053050,3225.0,122711.0
1715,2023-08-31,15,053050,3150.0,235371.0
1716,2023-08-01,0,106190,12770.0,10591.0
1717,2023-08-02,1,106190,12770.0,3405.0
1718,2023-08-03,0,106190,13030.0,4636.0
1719,2023-08-04,1,106190,12990.0,4234.0
1720,2023-08-07,1,106190,12980.0,2468.0
1721,2023-08-08,0,106190,12930.0,3932.0
1722,2023-08-09,0,106190,12970.0,8087.0
1723,2023-08-10,3,106190,13300.0,39329.0
1724,2023-08-11,0,106190,13500.0,18208.0
1725,2023-08-14,0,106190,13400.0,13609.0
1726,2023-08-16,0,106190,13380.0,7546.0
1727,2023-08-17,0,106190,13190.0,6868.0
1728,2023-08-18,1,106190,13230.0,11991.0
1729,2023-08-21,1,106190,13230.0,5471.0
1730,2023-08-22,1,106190,13190.0,12850.0
1731,2023-08-23,1,106190,13300.0,4509.0
1732,2023-08-24,0,106190,13170.0,3944.0
1733,2023-08-25,0,106190,13390.0,5233.0
1734,2023-08-28,0,106190,13260.0,5412.0
1735,2023-08-29,1,106190,13570.0,12791.0
1736,2023-08-30,0,106190,13700.0,9951.0
1737,2023-08-31,0,106190,13680.0,4878.0
1738,2023-08-01,2,018120,13660.0,3236.0
1739,2023-08-02,0,018120,13970.0,7875.0
1740,2023-08-03,3,018120,14230.0,9401.0
1741,2023-08-04,0,018120,14230.0,3487.0
1742,2023-08-07,1,018120,14620.0,6070.0
1743,2023-08-08,2,018120,14490.0,2097.0
1744,2023-08-09,1,018120,14500.0,1705.0
1745,2023-08-10,0,018120,14480.0,2705.0
1746,2023-08-11,0,018120,14480.0,2359.0
1747,2023-08-14,1,018120,14450.0,1471.0
1748,2023-08-16,1,018120,14290.0,15368.0
1749,2023-08-17,1,018120,14150.0,1095.0
1750,2023-08-18,0,018120,14300.0,1316.0
1751,2023-08-21,0,018120,14450.0,2880.0
1752,2023-08-22,0,018120,14430.0,1431.0
1753,2023-08-23,0,018120,14430.0,1980.0
1754,2023-08-24,1,018120,14430.0,1115.0
1755,2023-08-25,0,018120,14490.0,1757.0
1756,2023-08-28,0,018120,14550.0,2530.0
1757,2023-08-29,1,018120,14610.0,1372.0
1758,2023-08-30,0,018120,14790.0,4802.0
1759,2023-08-31,0,018120,14920.0,6197.0
1760,2023-08-01,10,038680,4900.0,260004.0
1761,2023-08-02,1,038680,4825.0,78239.0
1762,2023-08-03,2,038680,4770.0,79003.0
1763,2023-08-04,2,038680,4780.0,29428.0
1764,2023-08-07,1,038680,4770.0,61859.0
1765,2023-08-08,3,038680,4640.0,55699.0
1766,2023-08-09,1,038680,4810.0,93214.0
1767,2023-08-10,2,038680,4835.0,62581.0
1768,2023-08-11,1,038680,4860.0,64375.0
1769,2023-08-14,0,038680,4910.0,37438.0
1770,2023-08-16,1,038680,4700.0,84573.0
1771,2023-08-17,1,038680,4665.0,47084.0
1772,2023-08-18,1,038680,4605.0,32437.0
1773,2023-08-21,3,038680,4790.0,43793.0
1774,2023-08-22,3,038680,4740.0,34869.0
1775,2023-08-23,2,038680,4865.0,95547.0
1776,2023-08-24,5,038680,5000.0,146691.0
1777,2023-08-25,2,038680,4850.0,72959.0
1778,2023-08-28,1,038680,4860.0,26578.0
1779,2023-08-29,1,038680,4920.0,72980.0
1780,2023-08-30,4,038680,5070.0,911142.0
1781,2023-08-31,4,038680,5040.0,224392.0
1782,2023-08-01,0,006140,6000.0,48557.0
1783,2023-08-02,0,006140,6100.0,61732.0
1784,2023-08-03,0,006140,5970.0,27680.0
1785,2023-08-04,0,006140,5840.0,22291.0
1786,2023-08-07,0,006140,5860.0,25699.0
1787,2023-08-08,0,006140,5720.0,30909.0
1788,2023-08-09,1,006140,5990.0,26941.0
1789,2023-08-10,1,006140,6030.0,21208.0
1790,2023-08-11,0,006140,6050.0,23474.0
1791,2023-08-14,0,006140,6120.0,21919.0
1792,2023-08-16,0,006140,5820.0,33661.0
1793,2023-08-17,0,006140,5840.0,34305.0
1794,2023-08-18,29,006140,6500.0,2805089.0
1795,2023-08-21,4,006140,6480.0,251050.0
1796,2023-08-22,2,006140,6260.0,144671.0
1797,2023-08-23,8,006140,6630.0,379472.0
1798,2023-08-24,12,006140,6240.0,465868.0
1799,2023-08-25,2,006140,6040.0,113506.0
1800,2023-08-28,0,006140,6160.0,44318.0
1801,2023-08-29,0,006140,6290.0,66062.0
1802,2023-08-30,3,006140,6260.0,27804.0
1803,2023-08-31,4,006140,6200.0,30805.0
1804,2023-08-01,0,064800,1073.0,111396.0
1805,2023-08-02,1,064800,1073.0,57974.0
1806,2023-08-03,1,064800,1062.0,56015.0
1807,2023-08-04,0,064800,1080.0,112134.0
1808,2023-08-07,0,064800,1090.0,102145.0
1809,2023-08-08,1,064800,1111.0,118571.0
1810,2023-08-09,1,064800,1113.0,96558.0
1811,2023-08-10,0,064800,1137.0,185288.0
1812,2023-08-11,2,064800,1131.0,98579.0
1813,2023-08-14,1,064800,1137.0,123391.0
1814,2023-08-16,0,064800,1130.0,69585.0
1815,2023-08-17,2,064800,1100.0,192895.0
1816,2023-08-18,2,064800,1097.0,35695.0
1817,2023-08-21,4,064800,1089.0,27527.0
1818,2023-08-22,2,064800,1129.0,100658.0
1819,2023-08-23,2,064800,1121.0,54881.0
1820,2023-08-24,1,064800,1128.0,109923.0
1821,2023-08-25,0,064800,1128.0,23372.0
1822,2023-08-28,2,064800,1130.0,89389.0
1823,2023-08-29,0,064800,1140.0,118786.0
1824,2023-08-30,1,064800,1141.0,46194.0
1825,2023-08-31,2,064800,1137.0,76217.0
1826,2023-08-01,4,142760,2855.0,148873.0
1827,2023-08-02,21,142760,2690.0,261801.0
1828,2023-08-03,11,142760,2875.0,168137.0
1829,2023-08-04,38,142760,2970.0,1088632.0
1830,2023-08-07,78,142760,3155.0,1663207.0
1831,2023-08-08,27,142760,2945.0,375837.0
1832,2023-08-09,12,142760,3085.0,271581.0
1833,2023-08-10,6,142760,3070.0,149036.0
1834,2023-08-11,2,142760,3090.0,114828.0
1835,2023-08-14,11,142760,2975.0,154055.0
1836,2023-08-16,5,142760,2880.0,126987.0
1837,2023-08-17,5,142760,2865.0,122465.0
1838,2023-08-18,15,142760,2990.0,167753.0
1839,2023-08-21,7,142760,3040.0,150222.0
1840,2023-08-22,3,142760,2995.0,104331.0
1841,2023-08-23,4,142760,2880.0,98025.0
1842,2023-08-24,5,142760,2955.0,106456.0
1843,2023-08-25,2,142760,2990.0,65093.0
1844,2023-08-28,7,142760,2950.0,83530.0
1845,2023-08-29,1,142760,3030.0,99375.0
1846,2023-08-30,6,142760,3060.0,108468.0
1847,2023-08-31,6,142760,3030.0,190698.0
1848,2023-08-01,1,069510,8150.0,14807.0
1849,2023-08-02,0,069510,8140.0,8443.0
1850,2023-08-03,0,069510,8050.0,11531.0
1851,2023-08-04,0,069510,8070.0,2789.0
1852,2023-08-07,0,069510,7990.0,5539.0
1853,2023-08-08,0,069510,8030.0,15528.0
1854,2023-08-09,0,069510,7980.0,9658.0
1855,2023-08-10,0,069510,7940.0,3835.0
1856,2023-08-11,1,069510,7970.0,12012.0
1857,2023-08-14,1,069510,8500.0,33514.0
1858,2023-08-16,0,069510,8470.0,26533.0
1859,2023-08-17,0,069510,8360.0,6715.0
1860,2023-08-18,3,069510,8570.0,11614.0
1861,2023-08-21,0,069510,8590.0,10224.0
1862,2023-08-22,0,069510,8740.0,12217.0
1863,2023-08-23,0,069510,8670.0,15481.0
1864,2023-08-24,1,069510,8670.0,4614.0
1865,2023-08-25,1,069510,8720.0,2088.0
1866,2023-08-28,0,069510,8790.0,20286.0
1867,2023-08-29,0,069510,8640.0,24390.0
1868,2023-08-30,2,069510,9050.0,66709.0
1869,2023-08-31,0,069510,9080.0,4804.0
1870,2023-08-01,0,260660,5770.0,30431.0
1871,2023-08-02,0,260660,5730.0,10424.0
1872,2023-08-03,1,260660,5770.0,21657.0
1873,2023-08-04,1,260660,5700.0,8585.0
1874,2023-08-07,1,260660,5730.0,8631.0
1875,2023-08-08,0,260660,5630.0,7420.0
1876,2023-08-09,2,260660,5890.0,40063.0
1877,2023-08-10,0,260660,6020.0,37399.0
1878,2023-08-11,3,260660,6160.0,72837.0
1879,2023-08-14,0,260660,6250.0,77438.0
1880,2023-08-16,0,260660,6250.0,44084.0
1881,2023-08-17,1,260660,6230.0,38886.0
1882,2023-08-18,3,260660,6270.0,26113.0
1883,2023-08-21,37,260660,6490.0,2494259.0
1884,2023-08-22,2,260660,6340.0,135267.0
1885,2023-08-23,0,260660,6340.0,79027.0
1886,2023-08-24,1,260660,6450.0,92003.0
1887,2023-08-25,6,260660,6500.0,38252.0
1888,2023-08-28,1,260660,6500.0,26674.0
1889,2023-08-29,1,260660,6550.0,47368.0
1890,2023-08-30,2,260660,6510.0,38455.0
1891,2023-08-31,2,260660,6560.0,20402.0
1892,2023-08-01,0,037330,1942.0,24297.0
1893,2023-08-02,39,037330,2245.0,6712436.0
1894,2023-08-03,53,037330,2110.0,9453273.0
1895,2023-08-04,17,037330,2015.0,821957.0
1896,2023-08-07,13,037330,2300.0,1853817.0
1897,2023-08-08,22,037330,2000.0,2543314.0
1898,2023-08-09,2,037330,2050.0,325517.0
1899,2023-08-10,3,037330,1991.0,282041.0
1900,2023-08-11,9,037330,2150.0,934124.0
1901,2023-08-14,139,037330,2575.0,5558951.0
1902,2023-08-16,326,037330,3345.0,16675593.0
1903,2023-08-17,553,037330,3400.0,60812635.0
1904,2023-08-18,325,037330,2580.0,11774814.0
1905,2023-08-21,73,037330,2360.0,3837236.0
1906,2023-08-22,76,037330,2415.0,3161696.0
1907,2023-08-23,164,037330,2165.0,7064288.0
1908,2023-08-24,52,037330,2155.0,1405581.0
1909,2023-08-25,42,037330,2085.0,1110792.0
1910,2023-08-28,17,037330,2155.0,627296.0
1911,2023-08-29,18,037330,2190.0,689932.0
1912,2023-08-30,8,037330,2220.0,439183.0
1913,2023-08-31,22,037330,2170.0,743762.0
1914,2023-08-01,0,032790,2680.0,29493.0
1915,2023-08-02,1,032790,2610.0,33808.0
1916,2023-08-03,0,032790,2660.0,51742.0
1917,2023-08-04,0,032790,2685.0,23170.0
1918,2023-08-07,0,032790,2675.0,44979.0
1919,2023-08-08,2,032790,2650.0,25606.0
1920,2023-08-09,1,032790,2785.0,86144.0
1921,2023-08-10,3,032790,2695.0,78707.0
1922,2023-08-11,0,032790,2635.0,92622.0
1923,2023-08-14,2,032790,2575.0,44650.0
1924,2023-08-16,3,032790,2460.0,41611.0
1925,2023-08-17,1,032790,2440.0,33084.0
1926,2023-08-18,0,032790,2375.0,48269.0
1927,2023-08-21,3,032790,2375.0,27456.0
1928,2023-08-22,1,032790,2310.0,70744.0
1929,2023-08-23,20,032790,3000.0,1917634.0
1930,2023-08-24,29,032790,3230.0,4062167.0
1931,2023-08-25,210,032790,3535.0,11518360.0
1932,2023-08-28,45,032790,3310.0,2553304.0
1933,2023-08-29,111,032790,3490.0,5343880.0
1934,2023-08-30,36,032790,3635.0,2002350.0
1935,2023-08-31,42,032790,3360.0,882762.0
1936,2023-08-01,2,131030,5230.0,47032.0
1937,2023-08-02,3,131030,5110.0,39072.0
1938,2023-08-03,2,131030,5150.0,37839.0
1939,2023-08-04,1,131030,5190.0,23125.0
1940,2023-08-07,1,131030,5130.0,27979.0
1941,2023-08-08,0,131030,5070.0,26834.0
1942,2023-08-09,2,131030,5220.0,40851.0
1943,2023-08-10,1,131030,5260.0,31674.0
1944,2023-08-11,1,131030,5310.0,33096.0
1945,2023-08-14,5,131030,5250.0,44687.0
1946,2023-08-16,3,131030,5090.0,45533.0
1947,2023-08-17,3,131030,5050.0,57535.0
1948,2023-08-18,1,131030,5050.0,26355.0
1949,2023-08-21,1,131030,5080.0,31836.0
1950,2023-08-22,0,131030,5060.0,38376.0
1951,2023-08-23,0,131030,5100.0,48757.0
1952,2023-08-24,89,131030,5770.0,5639794.0
1953,2023-08-25,47,131030,5770.0,2247741.0
1954,2023-08-28,20,131030,5550.0,371059.0
1955,2023-08-29,7,131030,5710.0,511214.0
1956,2023-08-30,12,131030,5630.0,110925.0
1957,2023-08-31,16,131030,5590.0,85621.0
1958,2023-08-01,1,158430,19130.0,20083.0
1959,2023-08-02,1,158430,19140.0,14562.0
1960,2023-08-03,3,158430,19200.0,13135.0
1961,2023-08-04,1,158430,19210.0,6431.0
1962,2023-08-07,1,158430,19760.0,14959.0
1963,2023-08-08,0,158430,19590.0,17932.0
1964,2023-08-09,0,158430,19780.0,6128.0
1965,2023-08-10,3,158430,19990.0,9861.0
1966,2023-08-11,1,158430,20450.0,27240.0
1967,2023-08-14,9,158430,21700.0,140656.0
1968,2023-08-16,1,158430,21450.0,45951.0
1969,2023-08-17,0,158430,21000.0,27776.0
1970,2023-08-18,0,158430,20350.0,52965.0
1971,2023-08-21,3,158430,21050.0,60540.0
1972,2023-08-22,2,158430,21050.0,27326.0
1973,2023-08-23,4,158430,22250.0,90578.0
1974,2023-08-24,2,158430,22450.0,93106.0
1975,2023-08-01,2,318000,9510.0,126365.0
1976,2023-08-02,5,318000,9540.0,115326.0
1977,2023-08-03,2,318000,9240.0,149943.0
1978,2023-08-04,6,318000,9190.0,80962.0
1979,2023-08-07,6,318000,9150.0,98568.0
1980,2023-08-08,4,318000,9040.0,112832.0
1981,2023-08-09,3,318000,9240.0,115974.0
1982,2023-08-10,9,318000,8900.0,102254.0
1983,2023-08-11,3,318000,9240.0,106019.0
1984,2023-08-14,3,318000,9080.0,111623.0
1985,2023-08-16,8,318000,8750.0,124183.0
1986,2023-08-17,195,318000,11370.0,3564743.0
1987,2023-08-18,245,318000,12050.0,8450502.0
1988,2023-08-21,86,318000,12380.0,5699122.0
1989,2023-08-22,34,318000,11980.0,1348738.0
1990,2023-08-23,64,318000,11950.0,2246960.0
1991,2023-08-24,22,318000,11800.0,468317.0
1992,2023-08-25,20,318000,11860.0,719476.0
1993,2023-08-28,16,318000,12470.0,1134441.0
1994,2023-08-29,88,318000,12080.0,3105155.0
1995,2023-08-30,27,318000,11950.0,445653.0
1996,2023-08-31,106,318000,12560.0,4161821.0
1997,2023-08-01,3,285800,4420.0,158020.0
1998,2023-08-02,7,285800,4205.0,130554.0
1999,2023-08-03,9,285800,4190.0,114479.0
2000,2023-08-04,115,285800,5440.0,3551716.0
2001,2023-08-07,140,285800,5200.0,10880188.0
2002,2023-08-08,44,285800,5580.0,7084772.0
2003,2023-08-09,19,285800,5610.0,1037047.0
2004,2023-08-10,52,285800,5190.0,976528.0
2005,2023-08-11,183,285800,6740.0,14058902.0
2006,2023-08-14,72,285800,6600.0,9755260.0
2007,2023-08-16,23,285800,6250.0,1714496.0
2008,2023-08-17,18,285800,5930.0,1055629.0
2009,2023-08-18,46,285800,5470.0,876996.0
2010,2023-08-21,27,285800,5420.0,1176533.0
2011,2023-08-22,20,285800,5410.0,934356.0
2012,2023-08-23,13,285800,5310.0,629002.0
2013,2023-08-24,15,285800,5640.0,1614620.0
2014,2023-08-25,41,285800,5660.0,3884642.0
2015,2023-08-28,34,285800,5210.0,990767.0
2016,2023-08-29,16,285800,5350.0,481909.0
2017,2023-08-30,7,285800,5300.0,309014.0
2018,2023-08-31,48,285800,4925.0,536309.0
2019,2023-08-01,1,109960,1382.0,80178.0
2020,2023-08-02,2,109960,1351.0,187801.0
2021,2023-08-03,1,109960,1379.0,64679.0
2022,2023-08-04,0,109960,1373.0,34190.0
2023,2023-08-07,0,109960,1361.0,54652.0
2024,2023-08-08,0,109960,1319.0,46177.0
2025,2023-08-09,48,109960,1714.0,2351958.0
2026,2023-08-10,51,109960,2225.0,4876408.0
2027,2023-08-11,77,109960,1960.0,19237169.0
2028,2023-08-14,16,109960,1902.0,2242618.0
2029,2023-08-16,12,109960,1886.0,2066176.0
2030,2023-08-17,36,109960,1994.0,12261010.0
2031,2023-08-18,4,109960,1893.0,1130082.0
2032,2023-08-21,6,109960,1826.0,883115.0
2033,2023-08-22,4,109960,1743.0,232585.0
2034,2023-08-23,2,109960,1724.0,297211.0
2035,2023-08-24,11,109960,1755.0,338937.0
2036,2023-08-25,14,109960,1669.0,205147.0
2037,2023-08-28,2,109960,1730.0,243241.0
2038,2023-08-29,2,109960,1751.0,172844.0
2039,2023-08-30,3,109960,1686.0,187570.0
2040,2023-08-31,7,109960,1591.0,307871.0
2041,2023-08-01,11,226340,2280.0,984723.0
2042,2023-08-02,20,226340,2050.0,1104737.0
2043,2023-08-03,12,226340,2055.0,863834.0
2044,2023-08-04,1,226340,2090.0,869664.0
2045,2023-08-07,15,226340,2010.0,471556.0
2046,2023-08-08,10,226340,1956.0,491929.0
2047,2023-08-09,11,226340,2105.0,551941.0
2048,2023-08-10,142,226340,2395.0,20488237.0
2049,2023-08-11,49,226340,2345.0,3981187.0
2050,2023-08-14,31,226340,2455.0,4058499.0
2051,2023-08-16,50,226340,2720.0,11116654.0
2052,2023-08-17,22,226340,2660.0,2529833.0
2053,2023-08-18,45,226340,2760.0,9474987.0
2054,2023-08-21,11,226340,2675.0,2200158.0
2055,2023-08-22,101,226340,2780.0,14594327.0
2056,2023-08-23,20,226340,2720.0,2547703.0
2057,2023-08-24,17,226340,2760.0,1652153.0
2058,2023-08-25,13,226340,2645.0,1499303.0
2059,2023-08-28,20,226340,2535.0,2163359.0
2060,2023-08-29,15,226340,2525.0,547412.0
2061,2023-08-30,6,226340,2545.0,801531.0
2062,2023-08-31,50,226340,2370.0,1954429.0
2063,2023-08-03,599,429270,23100.0,4895771.0
2064,2023-08-04,160,429270,21150.0,1424238.0
2065,2023-08-07,79,429270,19500.0,511672.0
2066,2023-08-08,360,429270,19930.0,4732871.0
2067,2023-08-09,120,429270,20600.0,1744098.0
2068,2023-08-10,97,429270,19210.0,598216.0
2069,2023-08-11,86,429270,19280.0,632320.0
2070,2023-08-14,130,429270,20600.0,1949768.0
2071,2023-08-16,140,429270,21650.0,2731163.0
2072,2023-08-17,61,429270,20050.0,817486.0
2073,2023-08-18,63,429270,19610.0,593071.0
2074,2023-08-21,240,429270,25450.0,5127448.0
2075,2023-08-22,117,429270,23700.0,2904778.0
2076,2023-08-23,179,429270,21700.0,1946867.0
2077,2023-08-24,105,429270,20900.0,724488.0
2078,2023-08-25,82,429270,20250.0,365033.0
2079,2023-08-28,47,429270,20450.0,411208.0
2080,2023-08-29,75,429270,20050.0,862893.0
2081,2023-08-30,30,429270,20350.0,232108.0
2082,2023-08-31,30,429270,19940.0,230592.0
2083,2023-08-10,590,448710,20400.0,8664797.0
2084,2023-08-11,253,448710,25300.0,4832609.0
2085,2023-08-14,107,448710,22350.0,1635601.0
2086,2023-08-16,86,448710,20300.0,1047285.0
2087,2023-08-17,52,448710,20950.0,1618066.0
2088,2023-08-18,62,448710,21050.0,1141571.0
2089,2023-08-21,49,448710,19220.0,417589.0
2090,2023-08-22,131,448710,19570.0,2726969.0
2091,2023-08-23,76,448710,19490.0,1166422.0
2092,2023-08-24,45,448710,18750.0,276030.0
2093,2023-08-25,27,448710,18350.0,160360.0
2094,2023-08-28,27,448710,18320.0,134145.0
2095,2023-08-29,28,448710,18020.0,143806.0
2096,2023-08-30,30,448710,18010.0,149267.0
2097,2023-08-31,61,448710,17990.0,140288.0
